EE Code,Fund Code,Fund Code Desc
A0WM,609ACB-26,DSS CSBG Agency Capacity Building
A1NP,295,CRT Local
A0A9,639-25,BHS Pharmacy
A11Z,424VA-26,COH McKinney VA
A217,605HD-26,Elderly Nutrition Home Delivered
A0OF,605HD-26,Elderly Nutrition Home Delivered
A0A6,609OTH-26,DSS CSBG Other
A167,584-26,HUD Project Teach
A1M3,609ACB-26,DSS CSBG Agency Capacity Building
A1VY,524-26,DSS CEAP Admin
A1W0,363RIT-26,Ritter
A12R,699,Crt Local Unrestricted
A01J,567-25,VA SSFF FY25
A1HZ,609OTH-26,DSS CSBG Other
A1Q4,605HD-26,Elderly Nutrition Home Delivered
A16P,424-26,COH McKinney
A1OK,605HD-26,Elderly Nutrition Home Delivered
A17A,584-26,HUD Project Teach
A1O8,605HD-26,Elderly Nutrition Home Delivered
A0G2,605HD-26,Elderly Nutrition Home Delivered
A1MS,605HD-26,Elderly Nutrition Home Delivered
A0WD,440-26,SDE CACFP ECE
A0R0,295GF,Grant Families
A0XR,580HUD-26,HUD
A0LH,337H-26,OPM Project Longevity Housing
A1UB,611F-26,DSS HIS Federal
A0NA,605HD-26,Elderly Nutrition Home Delivered
A13R,599-26,SAMSHA 2.0
A1TF,363DOU-26,Douglas
A0OT,424-26,COH McKinney
A1ZD,605HD-26,Elderly Nutrition Home Delivered
A01S,699,Crt Local Unrestricted
A1HW,481-26,Village VITA Program
A0ZI,363RIT-26,Ritter
A1KU,605HD-26,Elderly Nutrition Home Delivered
A122,605HD-26,Elderly Nutrition Home Delivered
A041,609ACB-26,DSS CSBG Agency Capacity Building
A0JP,618-26,CHFA Financial Literacy Program
A0IZ,605C-26,Elderly Nutrition Congregate
A1PM,638-25,Behavioral Health Services
A1NC,440-26,SDE CACFP ECE
A1Z6,638-25,Behavioral Health Services
A00H,614HSI-26,DSS FATHERHOOD-HSI
A0XA,699,Crt Local Unrestricted
A1W7,337H-26,OPM Project Longevity Housing
A0SU,699,Crt Local Unrestricted
A13U,424-26,COH McKinney
A0WQ,605HD-26,Elderly Nutrition Home Delivered
A0J4,605HD-26,Elderly Nutrition Home Delivered
A0I6,605HD-26,Elderly Nutrition Home Delivered
A14V,609ACB-26,DSS CSBG Agency Capacity Building
A02U,295GF,Grant Families
A1CV,555-26,DMHAS Transitional Case Management
A0DT,605C-26,Elderly Nutrition Congregate
A1BY,694-26,Third Party Catering
A1J0,424-26,COH McKinney
A0WK,650-25,Retreat
A1GG,599-26,SAMSHA 2.0
A1S1,582-26,East Hartford Shelter
A1SH,605HD-26,Elderly Nutrition Home Delivered
A16B,609LNK-26,DSS CSBG Linkages
A1TP,424-26,COH McKinney
A0BF,605C-26,Elderly Nutrition Congregate
A0R2,583-26,HUD H Pass Rapid Rehousing
A216,424-26,COH McKinney
A19M,699,Crt Local Unrestricted
A0UG,609ACB-26,DSS CSBG Agency Capacity Building
A1RA,401-26,PFT WOMEN EMPOWERING WOMEN
A1A8,584-26,HUD Project Teach
A1A9,584-26,HUD Project Teach
A03W,611F-26,DSS HIS Federal
A0VR,699,Crt Local Unrestricted
A20Z,599-26,SAMSHA 2.0
A00T,694-26,Third Party Catering
A0DR,605HD-26,Elderly Nutrition Home Delivered
A063,582ESG-26,East Hartford Shelter ESG
A19S,699,Crt Local Unrestricted
A0XH,355-26,Journey Home Unsheltered
A1U4,605C-26,Elderly Nutrition Congregate
A0CN,605HD-26,Elderly Nutrition Home Delivered
A1WE,363RIT-26,Ritter
A1R2,306S-25,DOC State Funded
A0GV,603-25,Hes IE
A0V3,496-26,DMHAS Substance Abuse Outpatient
A1I7,650-25,Retreat
A0UA,363RIT-26,Ritter
A12F,489-26,WA Youth Employment Skills Training
A08X,363RIT-26,Ritter
A20K,605HD-26,Elderly Nutrition Home Delivered
A0KN,363RIT-26,Ritter
A1RL,424-26,COH McKinney
A1VN,605HD-26,Elderly Nutrition Home Delivered
A0LF,699,Crt Local Unrestricted
A10M,605HD-26,Elderly Nutrition Home Delivered
A09P,605HD-26,Elderly Nutrition Home Delivered
A19K,609OTH-26,DSS CSBG Other
A1FU,609ACB-26,DSS CSBG Agency Capacity Building
A1JH,UNA,Unassigned
A18H,UNA,Unassigned
A1Q3,659-18,salaries 2017
A093,UNA,Unassigned
A1JM,650-20,Retreat
A0KK,650-21,Retreat
A1PG,699,Crt Local Unrestricted
A1JJ,UNA,Unassigned
A0O1,514-17,Cafcs Ssbg
A15M,638-17,Behavioral Health Services
A0XW,UNA,Unassigned
A1T4,524EI-24,CEAP Early Intake
A19C,650-25,Retreat
A1G9,650-25,Retreat
A00G,UNA,Unassigned
A18R,UNA,Unassigned
A04W,UNA,Unassigned
A0DD,UNA,Unassigned
A0ND,UNA,Unassigned
A0JL,UNA,Unassigned
A081,661-18,ACF HeadStart PA22
A0OR,524-17,Dss Ceap Admin
A163,UNA,Unassigned
A1CT,638-18,Behavioral Health Services
A08E,544-19,Oec Infanty Daycare
A1G0,638-24,Behavioral Health Services
A1HR,UNA,Unassigned
A1JI,UNA,Unassigned
A0Q6,UNA,Unassigned
A0DA,611F-23,DSS HSI Federal
A1HI,582ESG-23,Emergency Service Grant
A0M9,638-22,Behavioral Health Services
A0U2,647-18,Journey Home Navigator
A0IQ,699,Crt Local Unrestricted
A10Y,663-18,ECE Transition 
A1SO,544-25,OEC Infant Daycare
A0R8,544MID-19,ECE-Middletown
A0RH,567-19,Va Ssvf 
A1HY,699,Crt Local Unrestricted
A0HD,375SA-19,Coh Ryan White Substance Abuse
A0Y1,UNA,Unassigned
A19X,UNA,Unassigned
A1LA,UNA,Unassigned
A06B,UNA,Unassigned
A00D,524-22,Dss Ceap Admin
A0Z3,661-18,ACF HeadStart PA22
A0UC,419-17,Coh Sr Full Day
A1V0,669-18,CRT Local Unrestricted
A0ZR,661-18,ACF HeadStart PA22
A17W,UNA,Unassigned
A17S,650-20,Retreat
A0C3,UNA,Unassigned
A0NL,650-24,Retreat
A1OD,564HD-22,Home Delivered
A02X,605C-24,Elderly Nutrition Congregate
A0BV,599-24,SAMSHA 2.0
A11W,699,Crt Local Unrestricted
A1XW,544-19,Oec Infanty Daycare
A1Y4,561-18,Sde Summer Lunch
A0TX,524-23,DSS CEAP Admin
A0ZG,337CC-24,Project Longevity Care Coordination
A17O,UNA,Unassigned
A0BX,638-21,Behavioral Health Services
A03J,332-25,Healthy Families
A1AG,419-19,Coh Sr Full Day
A1OX,524-18,Dss Ceap Admin
A1GA,661-18,ACF HeadStart PA22
A131,650-22,Retreat
A1HF,605HD-22,Home Delivered
A0RG,UNA,Unassigned
A07E,650-20,Retreat
A0C9,UNA,Unassigned
A1YG,605C-23,Elderly Nutrition Congregate
A0GA,419-21,Coh Sr Full Day
A1I1,661-17,ACF HeadStart PA22
A0IK,699,Crt Local Unrestricted
A10J,306-18,Program Salaries
A0KS,UNA,Unassigned
A0DY,638-24,Behavioral Health Services
A1BS,UNA,Unassigned
A0P8,UNA,Unassigned
A103,650-24,Retreat
A01R,UNA,Unassigned
A17L,UNA,Unassigned
A0C5,UNA,Unassigned
A0SC,712-24,CRT Print Center
A0OS,524-26,DSS CEAP Admin
A073,650-19,Retreat
A17Q,UNA,Unassigned
A0Z9,UNA,Unassigned
A1DM,584-23,HUD Project Teach
A0A1,603-17,Hes-ie
A0CU,699,Crt Local Unrestricted
A0CC,650-20,Retreat
A0IE,650-24,Retreat
A1IM,363RIT-26,Ritter
A1M4,650-23,Retreat
A0R6,650-23,Retreat
A0HT,661-18,ACF HeadStart PA22
A01P,524-20,Dss Ceap Admin
A166,UNA,Unassigned
A1BV,UNA,Unassigned
A1Z8,UNA,Unassigned
A19N,661-18,ACF HeadStart PA22
A1J7,UNA,Unassigned
A147,UNA,Unassigned
A15R,661-18,ACF HeadStart PA22
A00A,669-18,CRT Local Unrestricted
A0KX,UNA,Unassigned
A0NV,UNA,Unassigned
A0I0,UNA,Unassigned
A1ZQ,650-25,Retreat
A1UZ,650-25,Retreat
A1XX,650-21,Retreat
A1F0,583-26,HUD H Pass Rapid Rehousing
A06W,UNA,Unassigned
A06P,UNA,Unassigned
A1PL,UNA,Unassigned
A10S,650-19,Retreat
A0WA,412-24,Summer Youth
A1Q1,650-19,Retreat
A1O9,419-22,Coh Sr Full Day
A0OE,UNA,Unassigned
A1PR,UNA,Unassigned
A067,UNA,Unassigned
A1MN,605C-23,Elderly Nutrition Congregate
A1BC,UNA,Unassigned
A1OL,UNA,Unassigned
A1AP,699,Crt Local Unrestricted
A0QK,661-17,ACF HeadStart PA22
A1HK,699,Crt Local Unrestricted
A06F,UNA,Unassigned
A0X4,419-19,Coh Sr Full Day
A0LM,UNA,Unassigned
A0J2,605C-20,Congregate
A0R3,UNA,Unassigned
A1PE,638-20,Behavioral Health Services
A0QF,419-20,Coh Sr Full Day
A1XD,638-18,Behavioral Health Services
A1IH,339-25,HUD Permanent Supportive Housing
A185,UNA,Unassigned
A03Y,694-17,Third Party Catering
A0UV,335-25,DSS Community Health Worker Grant
A0ON,UNA,Unassigned
A1X6,609ACB-22,CSBG Agency Capacity Building
A1IE,UNA,Unassigned
A1QZ,609ACB-23,DSS CSBG Agency Capacity Building
A089,524EI-23,CEAP Early Intake
A1ND,524EI-25,DSS CEAP Early Intake
A0GL,609CO-21,CSBG CARES ACT
A0CL,699,Crt Local Unrestricted
A0TG,514-26,CAFCA SSBG
A161,561-24,SDE Summer Lunch
A020,UNA,Unassigned
A10X,659-17,salaries 2017
A19R,UNA,Unassigned
A15E,UNA,Unassigned
A1JW,544MID-19,ECE-Middletown
A1A6,699,Crt Local Unrestricted
A0D7,424-24,COH McKinney
A1BW,699,Crt Local Unrestricted
A1UY,669-18,CRT Local Unrestricted
A0YS,419-19,Coh Sr Full Day
A1DH,UNA,Unassigned
A1CR,611-17,Dss His
A1HU,524-24,DSS CEAP Admin
A1AV,524-26,DSS CEAP Admin
A0VG,524-18,Dss Ceap Admin
A049,472-22,Dmhas Homeless Outreach
A0F8,546-18,Dss Assurance 16
A0ZK,UNA,Unassigned
A1MU,699,Crt Local Unrestricted
A009,661-18,ACF HeadStart PA22
A0AX,UNA,Unassigned
A18P,650-22,Retreat
A086,699,Crt Local Unrestricted
A0OV,UNA,Unassigned
A1CW,UNA,Unassigned
A01K,UNA,Unassigned
A1FE,524-19,Dss Ceap Admin
A1W5,650-17,Retreat
A01U,605C-20,Congregate
A1Q8,UNA,Unassigned
A0BR,661-18,ACF HeadStart PA22
A0WV,605HD-24,Elderly Nutrition Home Delivered
A1H6,605HD-24,Elderly Nutrition Home Delivered
A0BL,UNA,Unassigned
A0PJ,661-18,ACF HeadStart PA22
A0G8,363RIT-26,Ritter
A1XV,UNA,Unassigned
A1QO,605-18,Elderly Nutrition
A0VS,605C-24,Elderly Nutrition Congregate
A0OH,UNA,Unassigned
A15N,UNA,Unassigned
A0N1,UNA,Unassigned
A1NF,699,Crt Local Unrestricted
A1QU,699,Crt Local Unrestricted
A1IS,544-26,OEC Infant Daycare
A124,661-18,ACF HeadStart PA22
A1K5,524-24,DSS CEAP Admin
A0KP,699,Crt Local Unrestricted
A045,UNA,Unassigned
A1NQ,UNA,Unassigned
A062,419-20,Coh Sr Full Day
A0F2,524-24,DSS CEAP Admin
A19P,419-20,Coh Sr Full Day
A19Y,564C-23,ENP Midstate Region Congregate
A20R,306S-26,DOC Scattered Site Housing
A0HO,441-18,Sde Cacfp After School
A08M,605C-24,Elderly Nutrition Congregate
A1X7,544-18,Oec Infanty Daycare
A0W1,699,Crt Local Unrestricted
A00L,UNA,Unassigned
A213,605C-26,Elderly Nutrition Congregate
A0GS,699,Crt Local Unrestricted
A15B,UNA,Unassigned
A12S,555-22,Dmhas Transitional Case Management
A1BG,605HD-20,Home Delivered
A0VZ,440-18,Sde Cacfp Headstart
A0L4,412-25,Summer Youth
A03S,650-20,Retreat
A1ZB,694-22,Third Party Catering
A0K6,598-26,SAMSHA HARP
A14W,650-18,Retreat
A0AA,UNA,Unassigned
A1QR,301-19,Deep Weatherization
A1A5,638-23,Behavioral Health Services
A0B5,UNA,Unassigned
A1YE,669-18,CRT Local Unrestricted
A1O1,UNA,Unassigned
A0LL,583-26,HUD H Pass Rapid Rehousing
A01X,UNA,Unassigned
A11F,420-19,Coh Sr Wrap 
A1DE,UNA,Unassigned
A0NM,UNA,Unassigned
A0O2,UNA,Unassigned
A01N,661-18,ACF HeadStart PA22
A05B,694-21,Third Party Catering
A1HC,UNA,Unassigned
A1NM,UNA,Unassigned
A0GF,661-18,ACF HeadStart PA22
A0N0,UNA,Unassigned
A1QG,659-18,salaries 2017
A10R,650-25,Retreat
A0L8,UNA,Unassigned
A0MB,UNA,Unassigned
A13S,UNA,Unassigned
A1DC,335-25,DSS Community Health Worker Grant
A1G6,659-18,salaries 2017
A18U,UNA,Unassigned
A1DW,501-17,Usdol-youthbuild 26185
A1OO,699,Crt Local Unrestricted
A0XD,UNA,Unassigned
A1OB,UNA,Unassigned
A14X,UNA,Unassigned
A11Y,650-19,Retreat
A11T,605HD-22,Home Delivered
A17R,609ACB-22,CSBG Agency Capacity Building
A1GB,582ESG-26,East Hartford Shelter ESG
A0VN,UNA,Unassigned
A0PF,306S-23,DOC State Funded
A05J,419-23,Coh Sr Full Day
A10O,582ESG-26,East Hartford Shelter ESG
A17K,UNA,Unassigned
A1YY,UNA,Unassigned
A1D8,524-18,Dss Ceap Admin
A181,UNA,Unassigned
A1B1,321-22,Htfd Health Community Responders
A1GP,UNA,Unassigned
A19A,544-24,OEC Infant Daycare
A175,650-19,Retreat
A0LZ,UNA,Unassigned
A0RC,UNA,Unassigned
A0Y7,669-18,CRT Local Unrestricted
A02Q,605C-19,Congregate
A02W,611S-22,State Portion
A1G7,UNA,Unassigned
A1JZ,661-18,ACF HeadStart PA22
A1U5,544-20,Oec Infanty Daycare
A1VM,663-18,ECE Transition 
A1R1,UNA,Unassigned
A0NF,UNA,Unassigned
A0PZ,605C-22,Congregate
A0HV,609-18,Dss Csbg
A21E,605HD-26,Elderly Nutrition Home Delivered
A0T2,363DOU-26,Douglas
A0JS,661-18,ACF HeadStart PA22
A0FS,661-18,ACF HeadStart PA22
A0VA,332-25,Healthy Families
A1JA,605HD-22,Home Delivered
A0P9,605HD-22,Home Delivered
A1BL,UNA,Unassigned
A0ZT,661-18,ACF HeadStart PA22
A0SG,544-18,Oec Infanty Daycare
A0QC,605HD-24,Elderly Nutrition Home Delivered
A03N,301-26,Deep Weatherization
A0OO,321-22,Htfd Health Community Responders
A1N1,544-18,Oec Infanty Daycare
A1UV,524-22,Dss Ceap Admin
A06M,UNA,Unassigned
A1FC,339-26,HUD Permanent Supportive Housing
A1DP,661-18,ACF HeadStart PA22
A15V,UNA,Unassigned
A0ZH,UNA,Unassigned
A0WL,UNA,Unassigned
A1R6,UNA,Unassigned
A1LG,561-21,Sde Summer Lunch
A1KD,638-21,Behavioral Health Services
A0C0,661-17,ACF HeadStart PA22
A1Z9,419-21,Coh Sr Full Day
A1Z7,330-23,OEC Workforce Pipeline
A1ZM,661-18,ACF HeadStart PA22
A1J3,UNA,Unassigned
A0NW,650-24,Retreat
A100,605-17,Elderly Nutrition
A1YR,564C-23,ENP Midstate Region Congregate
A0PY,UNA,Unassigned
A109,661-17,ACF HeadStart PA22
A0F7,611S-26,DSS HSI State
A0FO,605HD-23,Elderly Nutrition Home Delivered
A201,524-26,DSS CEAP Admin
A0PG,UNA,Unassigned
A1C8,524-18,Dss Ceap Admin
A13Z,UNA,Unassigned
A0GN,605HD-23,Elderly Nutrition Home Delivered
A1MA,UNA,Unassigned
A0PE,332-25,Healthy Families
A1UC,UNA,Unassigned
A0M6,544-17,Oec Infanty Daycare
A0YE,UNA,Unassigned
A0JB,424VA-25,COH McKinney VA
A1CX,524-17,Dss Ceap Admin
A0P4,699,Crt Local Unrestricted
A002,524EI-22,Ceap Early Intake
A16E,650-21,Retreat
A0DJ,661-18,ACF HeadStart PA22
A1WT,712-21,CRT Print Center
A0TJ,583-26,HUD H Pass Rapid Rehousing
A1F9,555-21,Dmhas Transitional Case Management
A0TO,UNA,Unassigned
A199,661-18,ACF HeadStart PA22
A04T,564C-22,Congregate
A0X2,555-19,Dmhas Transitional Case Management
A1VF,605C-25,Elderly Nutrition Congregate
A12V,UNA,Unassigned
A04B,661-18,ACF HeadStart PA22
A1TI,UNA,Unassigned
A057,564C-23,ENP Midstate Region Congregate
A1VE,661-18,ACF HeadStart PA22
A1AJ,650-23,Retreat
A1MP,584-20,Hud Project Teach
A10D,659-17,salaries 2017
A1LF,UNA,Unassigned
A13A,650-21,Retreat
A0QU,583-21,HUD Rapid Housing
A1H3,UNA,Unassigned
A1J6,UNA,Unassigned
A1JY,650-25,Retreat
A0M5,419-22,Coh Sr Full Day
A15X,699,Crt Local Unrestricted
A13V,UNA,Unassigned
A0X1,661-17,ACF HeadStart PA22
A0IT,544-24,OEC Infant Daycare
A0IS,544-25,OEC Infant Daycare
A1FY,611-17,Dss His
A1U8,669-18,CRT Local Unrestricted
A1H8,661-18,ACF HeadStart PA22
A0RP,583-22,HUD Rapid Housing
A1RW,UNA,Unassigned
A1GF,UNA,Unassigned
A016,UNA,Unassigned
A0KH,546-25,DSS Assurance 16
A0FA,605-17,Elderly Nutrition
A0MF,712-25,CRT Print Center
A1ZX,363RIT-26,Ritter
A0AM,UNA,Unassigned
A0CQ,650-21,Retreat
A19E,363RIT-26,Ritter
A1DD,419-20,Coh Sr Full Day
A0XB,638-17,Behavioral Health Services
A048,UNA,Unassigned
A1TN,699,Crt Local Unrestricted
A1YP,638-25,Behavioral Health Services
A05F,638-25,Behavioral Health Services
A05P,363DOU-26,Douglas
A0ML,419-23,Coh Sr Full Day
A1CD,609-19,CSBG
A04Y,605HD-22,Home Delivered
A04C,544-20,Oec Infanty Daycare
A1OV,609ACB-20,CSBG Agency Capacity Building
A1YU,661-18,ACF HeadStart PA22
A022,UNA,Unassigned
A1H4,UNA,Unassigned
A1KY,UNA,Unassigned
A1PT,561-23,SDE Summer Lunch
A18C,699,Crt Local Unrestricted
A21C,699,Crt Local Unrestricted
A1GO,609-18,Dss Csbg
A04S,UNA,Unassigned
A0YI,UNA,Unassigned
A1YK,UNA,Unassigned
A11G,605HD-23,Elderly Nutrition Home Delivered
A0V2,650-25,Retreat
A14F,661-18,ACF HeadStart PA22
A0U1,650-19,Retreat
A0PW,UNA,Unassigned
A135,UNA,Unassigned
A1LC,605C-20,Congregate
A1DY,417-19,Oec Headstart Services
A0TN,419-19,Coh Sr Full Day
A0DM,605C-22,Congregate
A1AH,UNA,Unassigned
A1IG,UNA,Unassigned
A1GY,UNA,Unassigned
A0WY,699,Crt Local Unrestricted
A07S,544-21,Oec Infanty Daycare
A1LT,605HD-26,Elderly Nutrition Home Delivered
A1OF,524-22,Dss Ceap Admin
A1DL,335-25,DSS Community Health Worker Grant
A1LU,661-17,ACF HeadStart PA22
A1KR,332-25,Healthy Families
A0XF,446-20,Va Veterans Crossing
A0QV,699,Crt Local Unrestricted
A1XB,650-24,Retreat
A00W,650-18,Retreat
A0JR,661-17,ACF HeadStart PA22
A0S6,605C-25,Elderly Nutrition Congregate
A168,UNA,Unassigned
A0OX,661-17,ACF HeadStart PA22
A1N9,UNA,Unassigned
A0AI,UNA,Unassigned
A1C4,555-23,Dmhas Transitional Case Management
A17D,661-18,ACF HeadStart PA22
A1FW,UNA,Unassigned
A1ZK,UNA,Unassigned
A0WE,424-18,Coh Mckinney
A20S,UNA,Unassigned
A1OP,650-25,Retreat
A0PL,332-25,Healthy Families
A16K,UNA,Unassigned
A0BD,699,Crt Local Unrestricted
A0S5,582ESG-22,Emergency Service Grant
A06Y,609-18,Dss Csbg
A1L2,638-18,Behavioral Health Services
A0NU,699,Crt Local Unrestricted
A1AY,605HD-22,Home Delivered
A07W,UNA,Unassigned
A0K0,UNA,Unassigned
A02H,546-21,Dss Assurance 16
A1V3,524-17,Dss Ceap Admin
A1TT,UNA,Unassigned
A1SP,661-18,ACF HeadStart PA22
A1KT,605-17,Elderly Nutrition
A1YX,564C-19,Congregate
A0J5,UNA,Unassigned
A0RM,564C-19,Congregate
A0QB,605HD-19,Home Delivered
A0XK,301-21,Deep Weatherization
A00E,699,Crt Local Unrestricted
A13E,UNA,Unassigned
A20W,UNA,Unassigned
A042,544-22,Oec Infanty Daycare
A0WH,UNA,Unassigned
A0JN,UNA,Unassigned
A1CB,524-20,Dss Ceap Admin
A1AD,UNA,Unassigned
A0FX,605HD-24,Elderly Nutrition Home Delivered
A1ME,638-24,Behavioral Health Services
A0WF,605HD-20,Home Delivered
A0I2,524-18,Dss Ceap Admin
A0W8,UNA,Unassigned
A0SV,699,Crt Local Unrestricted
A0FM,546-23,DSS Assurance 16
A101,661-18,ACF HeadStart PA22
A1SY,UNA,Unassigned
A0AY,UNA,Unassigned
A092,605C-19,Congregate
A1SI,UNA,Unassigned
A1FK,UNA,Unassigned
A0TW,UNA,Unassigned
A1SV,UNA,Unassigned
A1UP,699,Crt Local Unrestricted
A08V,420-19,Coh Sr Wrap 
A0B9,650-18,Retreat
A077,UNA,Unassigned
A0WT,UNA,Unassigned
A1SF,650-19,Retreat
A0XL,699,Crt Local Unrestricted
A0JU,561-17,Sde Summer Lunch
A1FP,567-25,VA SSFF FY25
A116,UNA,Unassigned
A087,599-25,SAMSHA 2.0
A0HP,UNA,Unassigned
A0CS,650-25,Retreat
A0WW,UNA,Unassigned
A1M0,524-19,Dss Ceap Admin
A0QD,650-24,Retreat
A0FG,650-21,Retreat
A0X9,424-26,COH McKinney
A18L,UNA,Unassigned
A0MO,650-25,Retreat
A1FG,561-21,Sde Summer Lunch
A0SW,567-25,VA SSFF FY25
A1FB,306S-26,DOC Scattered Site Housing
A1UT,363JOB-26,Job Corps
A1KW,605C-21,Congregate
A184,582-20,East Hartford Shelter
A1TG,600-21,Samsha Grant
A06V,UNA,Unassigned
A1FO,UNA,Unassigned
A1SL,650-21,Retreat
A180,637-21,DSS Community Resource Grant
A1XG,544-18,Oec Infanty Daycare
A1X9,UNA,Unassigned
A0P3,UNA,Unassigned
A0X6,442-18,Sde Cacfp Daycare Homes
A0QI,544-18,Oec Infanty Daycare
A0P1,UNA,Unassigned
A09O,UNA,Unassigned
A1UA,UNA,Unassigned
A202,321-23,Htfd Health Community Responders
A1WV,419-22,Coh Sr Full Day
A13N,UNA,Unassigned
A068,UNA,Unassigned
A0HI,661-18,ACF HeadStart PA22
A0MI,UNA,Unassigned
A1H5,661-18,ACF HeadStart PA22
A0XC,UNA,Unassigned
A1DT,UNA,Unassigned
A0HG,524-22,Dss Ceap Admin
A18Q,646-18,Hud Continuum Of Care Planning
A10W,661-18,ACF HeadStart PA22
A08I,321-23,Htfd Health Community Responders
A0QE,638-21,Behavioral Health Services
A0VX,412SU-21,CWP Summer Youth Start Up
A0QX,382-26,HUD CRT PSH Consolidated
A0CO,544-23,Oec Infant Daycare
A0I5,659-17,salaries 2017
A0JA,UNA,Unassigned
A07X,650-19,Retreat
A1D5,UNA,Unassigned
A187,UNA,Unassigned
A053,609CO-22,CSBG CARES ACT
A0U0,UNA,Unassigned
A0B2,524-21,Dss Ceap Admin
A0Y2,UNA,Unassigned
A0VO,780-17,Asian Family Serv-behavioral Health
A1MF,622-19,USDOL YOUTHBUILD YB 29966
A014,UNA,Unassigned
A0M8,332-25,Healthy Families
A0FC,650-21,Retreat
A203,524-26,DSS CEAP Admin
A0ZZ,424-25,COH McKinney
A1NZ,699,Crt Local Unrestricted
A0QA,661-17,ACF HeadStart PA22
A1LE,419-24,COH SR Full Day
A03M,699,Crt Local Unrestricted
A0I9,611F-26,DSS HIS Federal
A0ID,561-19,Sde Summer Lunch
A0LS,524-18,Dss Ceap Admin
A0BP,650-24,Retreat
A0HJ,332-25,Healthy Families
A0Q3,UNA,Unassigned
A1T6,650-25,Retreat
A0PR,669-18,CRT Local Unrestricted
A04N,UNA,Unassigned
A204,UNA,Unassigned
A1RT,669-18,CRT Local Unrestricted
A080,661-18,ACF HeadStart PA22
A1CH,661-17,ACF HeadStart PA22
A1LZ,650-17,Retreat
A0RK,UNA,Unassigned
A188,524-18,Dss Ceap Admin
A0FV,UNA,Unassigned
A0S9,UNA,Unassigned
A1RR,UNA,Unassigned
A12E,650-22,Retreat
A00V,306S-23,DOC State Funded
A0S2,661-18,ACF HeadStart PA22
A0GU,419-18,Coh Sr Full Day
A12T,UNA,Unassigned
A1A4,699,Crt Local Unrestricted
A10T,611S-26,DSS HSI State
A0Y9,524-21,Dss Ceap Admin
A1UH,UNA,Unassigned
A1P7,650-24,Retreat
A044,650-23,Retreat
A0VT,650-25,Retreat
A1VV,UNA,Unassigned
A1S2,659-18,salaries 2017
A07T,650-19,Retreat
A00K,UNA,Unassigned
A1QB,544-25,OEC Infant Daycare
A00J,UNA,Unassigned
A06G,605HD-23,Elderly Nutrition Home Delivered
A1US,419-19,Coh Sr Full Day
A143,306S-25,DOC State Funded
A0LU,UNA,Unassigned
A1AE,UNA,Unassigned
A0AN,UNA,Unassigned
A11N,650-18,Retreat
A12X,UNA,Unassigned
A16Z,UNA,Unassigned
A0OQ,564C-22,Congregate
A19G,659-18,salaries 2017
A1TV,UNA,Unassigned
A1UK,363RIT-26,Ritter
A07V,UNA,Unassigned
A1J2,UNA,Unassigned
A0GD,661-18,ACF HeadStart PA22
A123,UNA,Unassigned
A0ZD,UNA,Unassigned
A00X,UNA,Unassigned
A18V,609ACB-24,DSS CSBG Agency Capacity Building
A170,306-19,Program Salaries
A02C,440-23,SDE CACFP ECE
A0D1,UNA,Unassigned
A0KY,609-18,Dss Csbg
A035,524-24,DSS CEAP Admin
A0K8,694-17,Third Party Catering
A0DG,UNA,Unassigned
A1D3,561-18,Sde Summer Lunch
A0DN,605-18,Elderly Nutrition
A1DS,524-25,DSS CEAP Admin
A15C,605C-25,Elderly Nutrition Congregate
A08D,650-22,Retreat
A0QJ,321-26,Htfd Health Community Responders
A1J5,544-26,OEC Infant Daycare
A1FX,363RIT-26,Ritter
A0RR,UNA,Unassigned
A0A3,659-18,salaries 2017
A01F,661-18,ACF HeadStart PA22
A1HN,UNA,Unassigned
A0TM,UNA,Unassigned
A134,524-19,Dss Ceap Admin
A0Z8,605C-25,Elderly Nutrition Congregate
A1H7,638-20,Behavioral Health Services
A19L,UNA,Unassigned
A0DC,609OTH-24,DSS CSBG Other
A10V,659-18,salaries 2017
A1J1,564HD-21,Home Delivered
A1CJ,UNA,Unassigned
A0LP,337H-26,OPM Project Longevity Housing
A1TQ,650-21,Retreat
A09B,UNA,Unassigned
A205,524-17,Dss Ceap Admin
A129,605C-24,Elderly Nutrition Congregate
A17I,544-19,Oec Infanty Daycare
A133,650-18,Retreat
A064,524-22,Dss Ceap Admin
A0AK,UNA,Unassigned
A0RX,UNA,Unassigned
A1QJ,659-18,salaries 2017
A0M0,424-26,COH McKinney
A03R,363JOB-26,Job Corps
A0UF,424-18,Coh Mckinney
A1CS,661-18,ACF HeadStart PA22
A0CD,UNA,Unassigned
A0M2,UNA,Unassigned
A1K1,UNA,Unassigned
A0BW,501-17,Usdol-youthbuild 26185
A0P6,638-22,Behavioral Health Services
A1GW,UNA,Unassigned
A1F1,659-18,salaries 2017
A0YY,UNA,Unassigned
A0RA,UNA,Unassigned
A0RB,659-18,salaries 2017
A0L5,UNA,Unassigned
A1PH,661-18,ACF HeadStart PA22
A171,UNA,Unassigned
A17C,419-19,Coh Sr Full Day
A1HB,UNA,Unassigned
A1Y9,650-24,Retreat
A0ZO,669-18,CRT Local Unrestricted
A0SO,609-17,Dss Csbg
A1C5,UNA,Unassigned
A0P2,555-22,Dmhas Transitional Case Management
A00M,605HD-24,Elderly Nutrition Home Delivered
A14O,UNA,Unassigned
A192,321-26,Htfd Health Community Responders
A15F,447-26,VA GPD Case Management
A1UJ,419-19,Coh Sr Full Day
A1BD,650-18,Retreat
A0D8,609CO-23,CSBG Cares Act
A154,524-25,DSS CEAP Admin
A1JX,UNA,Unassigned
A1RD,524-17,Dss Ceap Admin
A1TC,661-17,ACF HeadStart PA22
A1VD,419-20,Coh Sr Full Day
A1GE,619-18,DPH HIV Counseling
A156,650-25,Retreat
A0Q5,638-24,Behavioral Health Services
A1XY,UNA,Unassigned
A03U,544-24,OEC Infant Daycare
A1T8,544-18,Oec Infanty Daycare
A1WM,419-22,Coh Sr Full Day
A1VK,UNA,Unassigned
A1HA,699,Crt Local Unrestricted
A07K,699,Crt Local Unrestricted
A1N2,661-18,ACF HeadStart PA22
A1T5,UNA,Unassigned
A0GY,669-18,CRT Local Unrestricted
A0UU,699,Crt Local Unrestricted
A0HL,564HD-23,ENP Midstate Region Home Delivered
A09N,699,Crt Local Unrestricted
A05V,544MID-18,ECE-Middletown
A1HD,UNA,Unassigned
A0OY,699,Crt Local Unrestricted
A12W,363RIT-26,Ritter
A03Z,564HD-21,Home Delivered
A1G8,UNA,Unassigned
A0CJ,514-24,CAFCA SSBG
A1N4,669-18,CRT Local Unrestricted
A028,659-17,salaries 2017
A1T9,609CO-23,CSBG Cares Act
A1QS,650-19,Retreat
A1SX,419-21,Coh Sr Full Day
A1S8,UNA,Unassigned
A0C7,UNA,Unassigned
A046,301-21,Deep Weatherization
A11K,699,Crt Local Unrestricted
A0XE,419-24,COH SR Full Day
A14L,524-19,Dss Ceap Admin
A01A,694C-20,Catering-External
A1BF,650-24,Retreat
A0L2,544-25,OEC Infant Daycare
A1YC,544-19,Oec Infanty Daycare
A0Z4,415-18,Oec Headstart Enhancement
A1RS,UNA,Unassigned
A1WX,699,Crt Local Unrestricted
A1RU,UNA,Unassigned
A04I,605HD-24,Elderly Nutrition Home Delivered
A1K0,419-19,Coh Sr Full Day
A1BH,699,Crt Local Unrestricted
A13G,661-18,ACF HeadStart PA22
A1JB,UNA,Unassigned
A1NE,564HD-23,ENP Midstate Region Home Delivered
A19J,650-21,Retreat
A1UM,650-25,Retreat
A018,UNA,Unassigned
A16V,659-18,salaries 2017
A0ZU,661-17,ACF HeadStart PA22
A0KV,699,Crt Local Unrestricted
A0F1,524-21,Dss Ceap Admin
A1VA,669-18,CRT Local Unrestricted
A0BK,363RIT-26,Ritter
A0NP,424-26,COH McKinney
A1AO,609CO-21,CSBG CARES ACT
A0AH,699,Crt Local Unrestricted
A0NK,582ESG-26,East Hartford Shelter ESG
A0PB,605HD-25,Elderly Nutrition Home Delivered
A10P,699,Crt Local Unrestricted
A1PY,609-18,Dss Csbg
A12B,524-26,DSS CEAP Admin
A0ZS,699,Crt Local Unrestricted
A1IW,UNA,Unassigned
A16C,605HD-21,Home Delivered
A0D3,UNA,Unassigned
A1Q2,661-18,ACF HeadStart PA22
A1JQ,UNA,Unassigned
A0TK,UNA,Unassigned
A1YF,UNA,Unassigned
A1JN,424-26,COH McKinney
A019,UNA,Unassigned
A04E,UNA,Unassigned
A0WR,UNA,Unassigned
A0G1,306S-24,DOC State Funded
A12J,321-22,Htfd Health Community Responders
A02E,544-22,Oec Infanty Daycare
A0GM,650-18,Retreat
A1FD,650-21,Retreat
A206,524-26,DSS CEAP Admin
A071,564C-23,ENP Midstate Region Congregate
A088,424-21,Coh Mckinney
A02M,514-17,Cafcs Ssbg
A1WJ,669-18,CRT Local Unrestricted
A1XL,UNA,Unassigned
A1T0,638-19,Behavioral Health Services
A0S4,650-22,Retreat
A1XH,544-22,Oec Infanty Daycare
A1ZV,609ACB-26,DSS CSBG Agency Capacity Building
A1S6,UNA,Unassigned
A07R,605HD-24,Elderly Nutrition Home Delivered
A1I0,605C-25,Elderly Nutrition Congregate
A01G,609ACB-25,DSS CSBG Agency Capacity Building
A1WB,UNA,Unassigned
A1JC,661-18,ACF HeadStart PA22
A1FN,650-20,Retreat
A1VT,661-17,ACF HeadStart PA22
A13F,UNA,Unassigned
A18I,546-18,Dss Assurance 16
A210,650-25,Retreat
A085,524-20,Dss Ceap Admin
A1CL,669-18,CRT Local Unrestricted
A0JY,UNA,Unassigned
A0MT,UNA,Unassigned
A0AP,661-18,ACF HeadStart PA22
A0AW,567-17,Va Ssvf
A06J,650-17,Retreat
A091,UNA,Unassigned
A0J3,301-26,Deep Weatherization
A078,419-17,Coh Sr Full Day
A0Y0,UNA,Unassigned
A15Z,605-17,Elderly Nutrition
A0OZ,524-26,DSS CEAP Admin
A0TU,650-25,Retreat
A08O,UNA,Unassigned
A0W4,699,Crt Local Unrestricted
A1PF,544-21,Oec Infanty Daycare
A0W0,419-21,Coh Sr Full Day
A0RD,UNA,Unassigned
A1AC,650-25,Retreat
A13C,661-17,ACF HeadStart PA22
A1GM,UNA,Unassigned
A0OL,355-26,Journey Home Unsheltered
A152,650-25,Retreat
A1NH,UNA,Unassigned
A1GX,UNA,Unassigned
A09X,446-26,VA Veterans Crossing
A1GK,605-17,Elderly Nutrition
A1TY,661-18,ACF HeadStart PA22
A207,661-18,ACF HeadStart PA22
A0CP,544-24,OEC Infant Daycare
A1TL,UNA,Unassigned
A1WW,638-25,Behavioral Health Services
A0M1,780-17,Asian Family Serv-behavioral Health
A0NG,UNA,Unassigned
A12Q,650-24,Retreat
A0B0,UNA,Unassigned
A1WN,417-18,Oec Headstart Services
A0L9,650-18,Retreat
A1VC,650-17,Retreat
A1UI,UNA,Unassigned
A1WK,UNA,Unassigned
A0P5,321-22,Htfd Health Community Responders
A182,UNA,Unassigned
A1TB,650-21,Retreat
A14R,650-17,Retreat
A1RY,659-17,salaries 2017
A1UQ,544-19,Oec Infanty Daycare
A1YQ,659-17,salaries 2017
A208,544-24,OEC Infant Daycare
A14B,514-17,Cafcs Ssbg
A1N3,582-17,East Hartford Shelter
A0GX,544-19,Oec Infanty Daycare
A099,609-17,Dss Csbg
A0AU,524-20,Dss Ceap Admin
A177,609-18,Dss Csbg
A1GH,650-19,Retreat
A140,694-22,Third Party Catering
A1GT,419-19,Coh Sr Full Day
A1O7,611-18,Dss His
A0T7,605C-24,Elderly Nutrition Congregate
A1DQ,661-18,ACF HeadStart PA22
A03O,699,Crt Local Unrestricted
A16T,699,Crt Local Unrestricted
A0PC,419-22,Coh Sr Full Day
A0IY,UNA,Unassigned
A15A,611F-24,DSS HSI Federal
A0KM,UNA,Unassigned
A004,UNA,Unassigned
A03L,544-23,Oec Infant Daycare
A0BO,UNA,Unassigned
A11L,UNA,Unassigned
A1C7,699,Crt Local Unrestricted
A1HS,UNA,Unassigned
A1QY,524-25,DSS CEAP Admin
A07N,UNA,Unassigned
A04H,UNA,Unassigned
A0DP,UNA,Unassigned
A0QR,412-18,Summer Youth
A1D0,650-18,Retreat
A0HY,650-19,Retreat
A18N,659-17,salaries 2017
A0XN,693-22,Womens Empowerment
A1P1,UNA,Unassigned
A0MC,650-24,Retreat
A0MY,582-19,East Hartford Shelter
A11R,UNA,Unassigned
A0MZ,332-23,Healthy Families
A15S,412-24,Summer Youth
A12U,661-18,ACF HeadStart PA22
A11S,650-25,Retreat
A0UM,UNA,Unassigned
A1VZ,UNA,Unassigned
A0LJ,661-18,ACF HeadStart PA22
A0Q2,669-18,CRT Local Unrestricted
A189,UNA,Unassigned
A1FH,337H-26,OPM Project Longevity Housing
A0A5,UNA,Unassigned
A047,524-21,Dss Ceap Admin
A05A,524-18,Dss Ceap Admin
A0HU,669-18,CRT Local Unrestricted
A0HK,661-17,ACF HeadStart PA22
A1TE,659-18,salaries 2017
A1RF,661-18,ACF HeadStart PA22
A0AQ,669-17,CRT Local Unrestricted
A010,UNA,Unassigned
A1Z4,UNA,Unassigned
A1K8,650-20,Retreat
A1HQ,363DOU-26,Douglas
A1LI,382-20,CRT PSH Consolidated
A1YN,569-26,Project Moo
A0SJ,661-18,ACF HeadStart PA22
A1MB,699,Crt Local Unrestricted
A1LJ,650-18,Retreat
A1S0,699,Crt Local Unrestricted
A0WO,UNA,Unassigned
A0FN,UNA,Unassigned
A1I9,661-17,ACF HeadStart PA22
A051,412-18,Summer Youth
A1DJ,UNA,Unassigned
A0CB,524-26,DSS CEAP Admin
A0RI,UNA,Unassigned
A02F,546-18,Dss Assurance 16
A1MZ,306S-26,DOC Scattered Site Housing
A0GW,699,Crt Local Unrestricted
A0KB,UNA,Unassigned
A07O,UNA,Unassigned
A0SS,611-18,Dss His
A15K,544-23,Oec Infant Daycare
A1D6,544-18,Oec Infanty Daycare
A0L3,661-18,ACF HeadStart PA22
A209,567-20,Va Ssvf 
A1W6,625-23,Ryan White Part B
A0JJ,605C-19,Congregate
A18J,659-18,salaries 2017
A1G2,UNA,Unassigned
A136,UNA,Unassigned
A130,661-18,ACF HeadStart PA22
A070,301-20,Deep Weatherization
A1OA,UNA,Unassigned
A1NX,UNA,Unassigned
A1B3,332-25,Healthy Families
A1WC,UNA,Unassigned
A115,UNA,Unassigned
A1NW,UNA,Unassigned
A0WG,605C-23,Elderly Nutrition Congregate
A0TR,UNA,Unassigned
A0S0,650-19,Retreat
A0VM,UNA,Unassigned
A12K,661-18,ACF HeadStart PA22
A1CE,UNA,Unassigned
A1NY,UNA,Unassigned
A09S,UNA,Unassigned
A1NI,UNA,Unassigned
A08T,332-25,Healthy Families
A0O8,UNA,Unassigned
A14E,332-24,Healthy Families
A142,524EI-22,Ceap Early Intake
A19Q,699,Crt Local Unrestricted
A18Y,UNA,Unassigned
A1MO,UNA,Unassigned
A012,UNA,Unassigned
A1F2,419-18,Coh Sr Full Day
A0K5,669-18,CRT Local Unrestricted
A16F,UNA,Unassigned
A0MP,UNA,Unassigned
A20A,321-26,Htfd Health Community Responders
A0DE,UNA,Unassigned
A031,UNA,Unassigned
A0UT,650-25,Retreat
A0DK,567-17,Va Ssvf
A139,UNA,Unassigned
A1VI,669-17,CRT Local Unrestricted
A0KC,UNA,Unassigned
A0VV,650-19,Retreat
A06Z,424-26,COH McKinney
A0DV,UNA,Unassigned
A16A,611S-26,DSS HSI State
A0XM,524-20,Dss Ceap Admin
A190,UNA,Unassigned
A1FR,508-23,DCF Chaps
A12P,699,Crt Local Unrestricted
A0YB,UNA,Unassigned
A0YA,661-18,ACF HeadStart PA22
A1U6,611-19,Dss His
A1VS,UNA,Unassigned
A1JT,375SA-19,Coh Ryan White Substance Abuse
A0BB,UNA,Unassigned
A0T6,650-22,Retreat
A0Y8,650-22,Retreat
A0MM,363RIT-26,Ritter
A0D0,544-21,Oec Infanty Daycare
A0JE,UNA,Unassigned
A1O0,650-19,Retreat
A1OJ,UNA,Unassigned
A1KK,UNA,Unassigned
A0MA,335-25,DSS Community Health Worker Grant
A14S,638-23,Behavioral Health Services
A1AQ,650-23,Retreat
A09D,524-22,Dss Ceap Admin
A1IA,650-22,Retreat
A1ZH,699,Crt Local Unrestricted
A1ZN,UNA,Unassigned
A09V,524-20,Dss Ceap Admin
A11Q,UNA,Unassigned
A00R,424-24,COH McKinney
A008,UNA,Unassigned
A01L,605HD-26,Elderly Nutrition Home Delivered
A0M7,419-19,Coh Sr Full Day
A0NC,661-18,ACF HeadStart PA22
A0LC,555-26,DMHAS Transitional Case Management
A14Z,609CO-22,CSBG CARES ACT
A0H7,699,Crt Local Unrestricted
A0G3,UNA,Unassigned
A0UD,UNA,Unassigned
A0IB,UNA,Unassigned
A0V0,564HD-22,Home Delivered
A0L0,582-18,East Hartford Shelter
A0X7,650-20,Retreat
A0X3,UNA,Unassigned
A1ON,605HD-25,Elderly Nutrition Home Delivered
A0RT,661-18,ACF HeadStart PA22
A02T,605HD-19,Home Delivered
A09M,611-19,Dss His
A0DX,UNA,Unassigned
A1LH,524EI-23,CEAP Early Intake
A0MX,611S-23,DSS HSI State
A0SI,UNA,Unassigned
A1Q5,UNA,Unassigned
A13M,650-17,Retreat
A17M,363DOU-26,Douglas
A1CK,524-26,DSS CEAP Admin
A1ZZ,699,Crt Local Unrestricted
A0VD,330-24,OEC Workforce Pipeline
A1H0,301-19,Deep Weatherization
A0NE,567-25,VA SSFF FY25
A0W6,UNA,Unassigned
A066,567CO-21,VA SSVF COVID-19
A1YJ,412-25,Summer Youth
A19F,489-26,WA Youth Employment Skills Training
A0FT,UNA,Unassigned
A098,564C-22,Congregate
A1H1,564HD-19,Home Delivered
A1IR,583-20,HUD Rapid Housing
A0RJ,564C-20,Congregate
A05E,UNA,Unassigned
A0Q1,508-26,DCF Chaps
A14G,UNA,Unassigned
A027,699,Crt Local Unrestricted
A0IC,661-18,ACF HeadStart PA22
A1QK,544-20,Oec Infanty Daycare
A0VE,544-19,Oec Infanty Daycare
A1CI,UNA,Unassigned
A1IC,524-24,DSS CEAP Admin
A09A,UNA,Unassigned
A1LO,375IIS-25,COH RW 2iS HIV Interventions
A0IW,UNA,Unassigned
A0Q4,UNA,Unassigned
A0VJ,363DOU-26,Douglas
A0Q8,UNA,Unassigned
A0O7,661-18,ACF HeadStart PA22
A0KT,605HD-23,Elderly Nutrition Home Delivered
A1AT,UNA,Unassigned
A17G,UNA,Unassigned
A0G9,UNA,Unassigned
A21F,524-26,DSS CEAP Admin
A05Q,524-20,Dss Ceap Admin
A1QN,699,Crt Local Unrestricted
A149,UNA,Unassigned
A15L,699,Crt Local Unrestricted
A0JV,UNA,Unassigned
A1CO,346-26,Journey Home - ARPA Diversion
A14U,UNA,Unassigned
A12G,UNA,Unassigned
A0BE,605HD-24,Elderly Nutrition Home Delivered
A06O,419-18,Coh Sr Full Day
A1KP,694-19,Third Party Catering
A1YM,544-19,Oec Infanty Daycare
A03G,UNA,Unassigned
A0NQ,UNA,Unassigned
A0W3,UNA,Unassigned
A0X8,321-22,Htfd Health Community Responders
A0PT,306S-23,DOC State Funded
A0B8,UNA,Unassigned
A1A0,611F-26,DSS HIS Federal
A02L,UNA,Unassigned
A0BN,424-17,Coh Mckinney
A17Z,605HD-19,Home Delivered
A1AA,623-22,Youthbuild
A08Z,605C-19,Congregate
A0AL,605C-23,Elderly Nutrition Congregate
A0MG,661-17,ACF HeadStart PA22
A17N,544-20,Oec Infanty Daycare
A05M,555-20,Dmhas Transitional Case Management
A10I,306S-25,DOC State Funded
A1SS,UNA,Unassigned
A1BX,661-18,ACF HeadStart PA22
A03K,412SU-20,CWP Summer Youth Start Up
A111,661-18,ACF HeadStart PA22
A102,638-23,Behavioral Health Services
A0TD,524-23,DSS CEAP Admin
A1F5,UNA,Unassigned
A0C1,544-23,Oec Infant Daycare
A0JK,661-18,ACF HeadStart PA22
A1QF,306-18,Program Salaries
A0WZ,650-24,Retreat
A1OH,UNA,Unassigned
A0ZN,UNA,Unassigned
A1AW,524-26,DSS CEAP Admin
A0XQ,UNA,Unassigned
A08Y,605-17,Elderly Nutrition
A0JM,UNA,Unassigned
A1P4,UNA,Unassigned
A0V5,650-24,Retreat
A0JG,446-26,VA Veterans Crossing
A1Q7,UNA,Unassigned
A15T,UNA,Unassigned
A174,605C-21,Congregate
A1QP,UNA,Unassigned
A07M,611S-21,State Portion
A1CC,UNA,Unassigned
A0A7,UNA,Unassigned
A16O,302-20,Weatherization
A17H,UNA,Unassigned
A0XT,UNA,Unassigned
A1IQ,638-20,Behavioral Health Services
A1BU,524-21,Dss Ceap Admin
A120,605HD-24,Elderly Nutrition Home Delivered
A07U,UNA,Unassigned
A0NN,524-26,DSS CEAP Admin
A1P3,544-21,Oec Infanty Daycare
A07Z,609CO-21,CSBG CARES ACT
A02G,UNA,Unassigned
A1YV,699,Crt Local Unrestricted
A1ZC,659-18,salaries 2017
A1D4,UNA,Unassigned
A0WB,661-18,ACF HeadStart PA22
A0FL,650-22,Retreat
A12O,650-18,Retreat
A0DS,638-19,Behavioral Health Services
A14Q,UNA,Unassigned
A0ZX,UNA,Unassigned
A1PO,699,Crt Local Unrestricted
A0ZL,321-23,Htfd Health Community Responders
A1F8,UNA,Unassigned
A0AZ,UNA,Unassigned
A0ZF,UNA,Unassigned
A06N,669-18,CRT Local Unrestricted
A0KQ,UNA,Unassigned
A18A,UNA,Unassigned
A1JK,605HD-25,Elderly Nutrition Home Delivered
A0VI,650-25,Retreat
A0QZ,564C-23,ENP Midstate Region Congregate
A118,UNA,Unassigned
A1D9,UNA,Unassigned
A1GU,661-17,ACF HeadStart PA22
A0IH,321-24,Htfd Health Community Responders
A0CA,638-24,Behavioral Health Services
A00C,UNA,Unassigned
A0VU,UNA,Unassigned
A1GS,419-23,Coh Sr Full Day
A0A2,661-17,ACF HeadStart PA22
A1IU,UNA,Unassigned
A15G,524-20,Dss Ceap Admin
A20B,524-26,DSS CEAP Admin
A1AS,UNA,Unassigned
A19I,419-22,Coh Sr Full Day
A1A2,UNA,Unassigned
A17U,301-26,Deep Weatherization
A1L6,544-17,Oec Infanty Daycare
A07F,UNA,Unassigned
A01V,412-19,Summer Youth
A179,605C-24,Elderly Nutrition Congregate
A0SP,599-26,SAMSHA 2.0
A13K,605C-19,Congregate
A1ZP,699,Crt Local Unrestricted
A05Y,582ESS-26,East Hartford Shelter ESS
A04L,UNA,Unassigned
A0JT,524-21,Dss Ceap Admin
A14N,UNA,Unassigned
A0Z1,661-18,ACF HeadStart PA22
A19V,661-17,ACF HeadStart PA22
A0H0,661-18,ACF HeadStart PA22
A0WP,321-26,Htfd Health Community Responders
A1IN,661-18,ACF HeadStart PA22
A0AD,605-18,Elderly Nutrition
A0B7,650-17,Retreat
A1RJ,564-17,Enp Midstate Region
A0Q7,638-22,Behavioral Health Services
A0TT,524-23,DSS CEAP Admin
A1XC,UNA,Unassigned
A08L,UNA,Unassigned
A015,582ESG-26,East Hartford Shelter ESG
A0SM,661-18,ACF HeadStart PA22
A0PO,638-25,Behavioral Health Services
A0M3,611-17,Dss His
A0B4,UNA,Unassigned
A1P9,605HD-25,Elderly Nutrition Home Delivered
A1CN,UNA,Unassigned
A07Y,669-18,CRT Local Unrestricted
A00N,567-25,VA SSFF FY25
A1Z3,UNA,Unassigned
A0YF,514-26,CAFCA SSBG
A1JO,419-19,Coh Sr Full Day
A1K2,UNA,Unassigned
A1TU,UNA,Unassigned
A09Z,564C-23,ENP Midstate Region Congregate
A0X5,561-19,Sde Summer Lunch
A00O,603-19,Hes-ie
A0P7,382-23,CRT PSH Consolidated
A1X3,419-19,Coh Sr Full Day
A02P,UNA,Unassigned
A0I1,UNA,Unassigned
A007,UNA,Unassigned
A0FJ,UNA,Unassigned
A06X,UNA,Unassigned
A0ZB,UNA,Unassigned
A1K6,694-18,Third Party Catering
A15W,650-21,Retreat
A0FF,694-22,Third Party Catering
A1BP,650-22,Retreat
A0BC,UNA,Unassigned
A1T1,UNA,Unassigned
A0IJ,524-26,DSS CEAP Admin
A1LQ,424-26,COH McKinney
A1LP,375SA-20,Coh Ryan White Substance Abuse
A0T1,659-18,salaries 2017
A1CA,661-18,ACF HeadStart PA22
A06H,661-18,ACF HeadStart PA22
A0BY,661-18,ACF HeadStart PA22
A0U3,605-18,Elderly Nutrition
A1QL,611-19,Dss His
A14J,UNA,Unassigned
A1HO,UNA,Unassigned
A0WS,650-25,Retreat
A1L5,321-25,Htfd Health Community Responders
A0R1,UNA,Unassigned
A0LO,UNA,Unassigned
A0CY,514-23,CAFCA SSBG
A079,UNA,Unassigned
A20P,306S-26,DOC Scattered Site Housing
A186,524-20,Dss Ceap Admin
A09Y,544-22,Oec Infanty Daycare
A01C,544-19,Oec Infanty Daycare
A0GB,UNA,Unassigned
A0YC,638-21,Behavioral Health Services
A0L7,UNA,Unassigned
A1G1,699,Crt Local Unrestricted
A1SQ,650-24,Retreat
A0ZY,605-18,Elderly Nutrition
A1PC,UNA,Unassigned
A0VC,611-18,Dss His
A075,699,Crt Local Unrestricted
A0H8,UNA,Unassigned
A17P,659-18,salaries 2017
A19B,UNA,Unassigned
A11P,544-19,Oec Infanty Daycare
A1FF,514-19,Cafcs Ssbg
A1KB,613-26,DSS Limited English
A0BG,419-17,Coh Sr Full Day
A1SJ,363JOB-26,Job Corps
A1SN,611F-23,DSS HSI Federal
A1JS,611S-25,DSS HSI State
A0QS,424VA-26,COH McKinney VA
A03E,375EIS-25,COH Ryan White Early Intervention
A1HM,609-19,CSBG
A215,363DOU-26,Douglas
A1BK,UNA,Unassigned
A1V2,UNA,Unassigned
A1XQ,564C-19,Congregate
A1MQ,661-18,ACF HeadStart PA22
A1FS,UNA,Unassigned
A1BJ,UNA,Unassigned
A0PI,694-19,Third Party Catering
A0BH,508-21,Dcf Chaps
A0UH,UNA,Unassigned
A1FA,UNA,Unassigned
A0CX,UNA,Unassigned
A13D,UNA,Unassigned
A113,605C-22,Congregate
A05U,524-26,DSS CEAP Admin
A1OW,638-22,Behavioral Health Services
A0HF,UNA,Unassigned
A197,UNA,Unassigned
A06D,669-17,CRT Local Unrestricted
A02A,699,Crt Local Unrestricted
A07H,661-18,ACF HeadStart PA22
A1JE,306S-25,DOC State Funded
A0WX,UNA,Unassigned
A1N7,524-18,Dss Ceap Admin
A0MW,564C-23,ENP Midstate Region Congregate
A0X0,699,Crt Local Unrestricted
A1H9,301-23,DEEP Weatherization
A1LY,699,Crt Local Unrestricted
A0HE,567-25,VA SSFF FY25
A1RB,424-25,COH McKinney
A0F9,419-17,Coh Sr Full Day
A1ML,699,Crt Local Unrestricted
A0K9,UNA,Unassigned
A04R,UNA,Unassigned
A0RQ,524-21,Dss Ceap Admin
A1OC,544-20,Oec Infanty Daycare
A05W,UNA,Unassigned
A0HR,524-17,Dss Ceap Admin
A0PM,661-18,ACF HeadStart PA22
A0DW,699,Crt Local Unrestricted
A0TV,UNA,Unassigned
A0O4,605HD-20,Home Delivered
A0AT,332-24,Healthy Families
A10B,638-25,Behavioral Health Services
A150,650-24,Retreat
A0GE,605HD-20,Home Delivered
A074,524-26,DSS CEAP Admin
A1RI,UNA,Unassigned
A0HX,659-17,salaries 2017
A0SL,424-21,Coh Mckinney
A1TX,544-23,Oec Infant Daycare
A0YU,544-22,Oec Infanty Daycare
A0RL,661-17,ACF HeadStart PA22
A0WU,694-17,Third Party Catering
A1AK,424-26,COH McKinney
A13I,661-18,ACF HeadStart PA22
A1N8,UNA,Unassigned
A0IP,611S-23,DSS HSI State
A1QC,UNA,Unassigned
A1L7,699,Crt Local Unrestricted
A0OU,605HD-22,Home Delivered
A126,UNA,Unassigned
A07G,661-18,ACF HeadStart PA22
A1PA,699,Crt Local Unrestricted
A19D,659-18,salaries 2017
A10Z,605C-20,Congregate
A0MU,UNA,Unassigned
A1C2,605-17,Elderly Nutrition
A03I,UNA,Unassigned
A0YO,524-24,DSS CEAP Admin
A0CV,544-25,OEC Infant Daycare
A0YM,UNA,Unassigned
A1KN,UNA,Unassigned
A11C,424-19,Coh Mckinney
A0XG,UNA,Unassigned
A15O,524-21,Dss Ceap Admin
A0XY,605HD-22,Home Delivered
A05H,638-17,Behavioral Health Services
A1VX,375EIS-23,Coh Ryan White Early Intervention
A0J6,605C-19,Congregate
A0T4,659-17,salaries 2017
A12Y,375EIS-26,COH Ryan White Early Intervention
A1HP,363JOB-26,Job Corps
A191,546-26,DSS Assurance 16
A1SG,650-25,Retreat
A1B8,382-23,CRT PSH Consolidated
A1ST,363DOU-26,Douglas
A1RO,419-24,COH SR Full Day
A1BM,UNA,Unassigned
A0OA,UNA,Unassigned
A0XO,321-26,Htfd Health Community Responders
A11I,699,Crt Local Unrestricted
A0J1,699,Crt Local Unrestricted
A1LX,659-17,salaries 2017
A0JO,561-18,Sde Summer Lunch
A0JH,UNA,Unassigned
A146,UNA,Unassigned
A05N,358-25,CT Paid FML Insurance
A1RM,605-17,Elderly Nutrition
A04A,661-18,ACF HeadStart PA22
A1OZ,669-18,CRT Local Unrestricted
A0HH,611S-26,DSS HSI State
A0YX,605C-20,Congregate
A0AF,564C-23,ENP Midstate Region Congregate
A1MK,UNA,Unassigned
A1KJ,699,Crt Local Unrestricted
A0D4,699,Crt Local Unrestricted
A04F,605HD-26,Elderly Nutrition Home Delivered
A04V,699,Crt Local Unrestricted
A194,582-23,East Hartford Shelter
A03X,544-23,Oec Infant Daycare
A0HM,UNA,Unassigned
A0Z2,661-17,ACF HeadStart PA22
A0XS,UNA,Unassigned
A0YT,605HD-24,Elderly Nutrition Home Delivered
A1HX,UNA,Unassigned
A07J,424-26,COH McKinney
A0U9,605HD-22,Home Delivered
A0SB,564HD-23,ENP Midstate Region Home Delivered
A1I3,UNA,Unassigned
A1KV,UNA,Unassigned
A11V,524-22,Dss Ceap Admin
A08G,524-24,DSS CEAP Admin
A0TQ,661-18,ACF HeadStart PA22
A20Q,363JOB-26,Job Corps
A0LG,UNA,Unassigned
A0GP,611F-23,DSS HSI Federal
A1M2,424-21,Coh Mckinney
A0V9,638-25,Behavioral Health Services
A0H2,524-21,Dss Ceap Admin
A03V,699,Crt Local Unrestricted
A00Y,524-21,Dss Ceap Admin
A0CM,669-18,CRT Local Unrestricted
A03D,661-18,ACF HeadStart PA22
A0JC,661-18,ACF HeadStart PA22
A1PX,605HD-19,Home Delivered
A1QV,605-18,Elderly Nutrition
A0DO,605C-26,Elderly Nutrition Congregate
A003,UNA,Unassigned
A1O3,UNA,Unassigned
A110,UNA,Unassigned
A1NN,544-25,OEC Infant Daycare
A178,UNA,Unassigned
A1S4,301-26,Deep Weatherization
A0ZP,UNA,Unassigned
A08W,514-19,Cafcs Ssbg
A1AX,611S-22,State Portion
A1BB,424-26,COH McKinney
A1V9,375EIS-21,Coh Ryan White Early Intervention
A1MD,699,Crt Local Unrestricted
A1VB,605-18,Elderly Nutrition
A1SU,UNA,Unassigned
A1FT,524-26,DSS CEAP Admin
A1G3,638-17,Behavioral Health Services
A20V,363RIT-26,Ritter
A18Z,661-18,ACF HeadStart PA22
A15H,669-18,CRT Local Unrestricted
A0YW,382-26,HUD CRT PSH Consolidated
A173,699,Crt Local Unrestricted
A1Y3,544-20,Oec Infanty Daycare
A20C,661-18,ACF HeadStart PA22
A20T,363JOB-26,Job Corps
A1PB,638-18,Behavioral Health Services
A1V4,UNA,Unassigned
A0GC,321-25,Htfd Health Community Responders
A0MK,598-26,SAMSHA HARP
A16D,605C-22,Congregate
A0YZ,UNA,Unassigned
A0ST,669-17,CRT Local Unrestricted
A0G4,UNA,Unassigned
A119,650-18,Retreat
A1NK,412-22,Summer Youth
A0OP,699,Crt Local Unrestricted
A1DN,661-18,ACF HeadStart PA22
A0B6,580HUD-23,HUD
A1QW,638-18,Behavioral Health Services
A1OE,419-24,COH SR Full Day
A0GR,UNA,Unassigned
A0V7,355-26,Journey Home Unsheltered
A0A8,301-19,Deep Weatherization
A0O0,524-17,Dss Ceap Admin
A0ZJ,UNA,Unassigned
A1C6,UNA,Unassigned
A1R8,623-22,Youthbuild
A0AC,321-22,Htfd Health Community Responders
A1RG,699,Crt Local Unrestricted
A18E,419-18,Coh Sr Full Day
A1S9,UNA,Unassigned
A1WA,UNA,Unassigned
A1JR,363RIT-26,Ritter
A16W,UNA,Unassigned
A11B,699,Crt Local Unrestricted
A0CF,661-18,ACF HeadStart PA22
A1NJ,661-18,ACF HeadStart PA22
A1Y6,544-24,OEC Infant Daycare
A0W7,412-25,Summer Youth
A1IX,UNA,Unassigned
A18O,638-19,Behavioral Health Services
A0C6,544-19,Oec Infanty Daycare
A1HH,605C-26,Elderly Nutrition Congregate
A1HV,330-24,OEC Workforce Pipeline
A11A,UNA,Unassigned
A1GJ,UNA,Unassigned
A18G,544-22,Oec Infanty Daycare
A1RV,524-18,Dss Ceap Admin
A1TS,619-17,DPH HIV Counseling
A03T,UNA,Unassigned
A195,412SU-21,CWP Summer Youth Start Up
A0XI,UNA,Unassigned
A10K,699,Crt Local Unrestricted
A1R5,661-18,ACF HeadStart PA22
A1FJ,357-26,HHS Affordable Housing
A0BA,UNA,Unassigned
A0MS,659-18,salaries 2017
A0BQ,609-18,Dss Csbg
A16S,605C-22,Congregate
A07B,UNA,Unassigned
A02D,699,Crt Local Unrestricted
A214,363DOU-26,Douglas
A11H,419-20,Coh Sr Full Day
A15P,582ESG-22,Emergency Service Grant
A09W,605-17,Elderly Nutrition
A1SB,638-18,Behavioral Health Services
A0I3,524-18,Dss Ceap Admin
A1VL,UNA,Unassigned
A06U,524-21,Dss Ceap Admin
A1HE,659-17,salaries 2017
A1SC,650-18,Retreat
A09E,534-18,Doh Hopwa Mckinney
A0IF,321-25,Htfd Health Community Responders
A1UR,UNA,Unassigned
A0DZ,546-19,Dss Assurance 16
A158,659-17,salaries 2017
A0LN,605HD-21,Home Delivered
A0KF,546-26,DSS Assurance 16
A0QN,419-20,Coh Sr Full Day
A132,UNA,Unassigned
A0LD,605C-22,Congregate
A094,605C-21,Congregate
A1C0,582ESG-24,Emergency Services Grant
A107,524-18,Dss Ceap Admin
A0ZM,564C-23,ENP Midstate Region Congregate
A0PD,699,Crt Local Unrestricted
A08A,524-23,DSS CEAP Admin
A1IP,611-19,Dss His
A0WN,UNA,Unassigned
A19T,UNA,Unassigned
A0BS,661-18,ACF HeadStart PA22
A11X,UNA,Unassigned
A0Q0,306S-22,DOC State Funded
A0O6,623-23,Youth Build
A1ZW,718-21,Ritter Learning Hub
A13X,661-17,ACF HeadStart PA22
A1PJ,UNA,Unassigned
A1ZO,514-25,CAFCA SSBG
A1GZ,699,Crt Local Unrestricted
A20D,650-24,Retreat
A1II,699,Crt Local Unrestricted
A0A0,424-17,Coh Mckinney
A0TB,UNA,Unassigned
A1SE,UNA,Unassigned
A0K1,514-25,CAFCA SSBG
A1KM,UNA,Unassigned
A1X2,363DOU-26,Douglas
A18X,306S-22,DOC State Funded
A0KW,337CC-24,Project Longevity Care Coordination
A0Z0,605C-26,Elderly Nutrition Congregate
A0FU,605HD-23,Elderly Nutrition Home Delivered
A1AB,UNA,Unassigned
A144,524-22,Dss Ceap Admin
A03B,UNA,Unassigned
A0JQ,UNA,Unassigned
A1MM,659-18,salaries 2017
A1ZI,669-18,CRT Local Unrestricted
A01Q,638-18,Behavioral Health Services
A011,UNA,Unassigned
A05Z,UNA,Unassigned
A0N7,306S-25,DOC State Funded
A1B2,699,Crt Local Unrestricted
A0UB,659-18,salaries 2017
A1U3,699,Crt Local Unrestricted
A1Y0,598-26,SAMSHA HARP
A1RC,UNA,Unassigned
A08S,650-24,Retreat
A0G5,UNA,Unassigned
A06A,UNA,Unassigned
A0PP,UNA,Unassigned
A03A,609-19,CSBG
A1PK,UNA,Unassigned
A1C1,UNA,Unassigned
A0DL,UNA,Unassigned
A1I8,332-24,Healthy Families
A0AG,544-22,Oec Infanty Daycare
A160,699,Crt Local Unrestricted
A1M1,UNA,Unassigned
A1MH,UNA,Unassigned
A1KG,546-23,DSS Assurance 16
A076,659-18,salaries 2017
A20E,661-18,ACF HeadStart PA22
A1DU,661-18,ACF HeadStart PA22
A021,699,Crt Local Unrestricted
A1X0,363JOB-26,Job Corps
A0B3,669-18,CRT Local Unrestricted
A112,UNA,Unassigned
A0IO,321-26,Htfd Health Community Responders
A20U,UNA,Unassigned
A1RH,321-24,Htfd Health Community Responders
A1S3,699,Crt Local Unrestricted
A1B5,UNA,Unassigned
A1IV,524-19,Dss Ceap Admin
A1VO,UNA,Unassigned
A211,363DOU-26,Douglas
A0OW,650-25,Retreat
A0S1,609CO-22,CSBG CARES ACT
A052,650-17,Retreat
A1KF,UNA,Unassigned
A1D1,UNA,Unassigned
A1I6,605-17,Elderly Nutrition
A0J7,UNA,Unassigned
A0I7,UNA,Unassigned
A15Y,650-20,Retreat
A02V,UNA,Unassigned
A0SR,UNA,Unassigned
A12C,UNA,Unassigned
A1TO,669-18,CRT Local Unrestricted
A1GR,650-18,Retreat
A0GI,661-17,ACF HeadStart PA22
A04D,605C-19,Congregate
A1TD,650-25,Retreat
A0LQ,659-18,salaries 2017
A1JV,699,Crt Local Unrestricted
A196,611F-26,DSS HIS Federal
A0N5,UNA,Unassigned
A0DU,UNA,Unassigned
A1WS,375EIS-22,Coh Ryan White Early Intervention
A1RX,524-18,Dss Ceap Admin
A0YQ,UNA,Unassigned
A1XM,611S-22,State Portion
A0Y3,544-19,Oec Infanty Daycare
A1AL,424-26,COH McKinney
A0C8,UNA,Unassigned
A0K7,611-19,Dss His
A1YD,UNA,Unassigned
A1LM,UNA,Unassigned
A1KO,524-21,Dss Ceap Admin
A0UW,661-18,ACF HeadStart PA22
A1JG,419-18,Coh Sr Full Day
A1R7,363DOU-26,Douglas
A1WZ,659-17,salaries 2017
A16N,605HD-24,Elderly Nutrition Home Delivered
A0CG,650-25,Retreat
A1A7,564C-22,Congregate
A08U,661-18,ACF HeadStart PA22
A1L8,638-20,Behavioral Health Services
A0US,524-20,Dss Ceap Admin
A0TL,UNA,Unassigned
A1Q6,524-26,DSS CEAP Admin
A0D5,UNA,Unassigned
A0PA,669-18,CRT Local Unrestricted
A0B1,583-21,HUD Rapid Housing
A05L,661-18,ACF HeadStart PA22
A1WY,661-18,ACF HeadStart PA22
A1X4,638-19,Behavioral Health Services
A1RP,661-18,ACF HeadStart PA22
A1V6,UNA,Unassigned
A1XE,339-25,HUD Permanent Supportive Housing
A162,524-23,DSS CEAP Admin
A1UN,UNA,Unassigned
A1DG,UNA,Unassigned
A01T,554-19,A Program Salaries
A02K,419-19,Coh Sr Full Day
A0MV,605C-19,Congregate
A0MJ,661-18,ACF HeadStart PA22
A14D,619-17,DPH HIV Counseling
A1HJ,699,Crt Local Unrestricted
A0GT,609-18,Dss Csbg
A0SH,699,Crt Local Unrestricted
A0FB,699,Crt Local Unrestricted
A096,UNA,Unassigned
A0KE,UNA,Unassigned
A138,605HD-22,Home Delivered
A0D2,UNA,Unassigned
A0D9,UNA,Unassigned
A0F6,650-22,Retreat
A0F4,524-22,Dss Ceap Admin
A10H,524-21,Dss Ceap Admin
A1DB,UNA,Unassigned
A0XV,524-22,Dss Ceap Admin
A1IY,661-18,ACF HeadStart PA22
A0UO,332-24,Healthy Families
A10U,661-17,ACF HeadStart PA22
A0LB,UNA,Unassigned
A218,609ACB-26,DSS CSBG Agency Capacity Building
A0CE,659-17,salaries 2017
A1BO,650-21,Retreat
A1BN,UNA,Unassigned
A198,UNA,Unassigned
A0QP,524-17,Dss Ceap Admin
A04J,699,Crt Local Unrestricted
A1GC,669-17,CRT Local Unrestricted
A0L1,UNA,Unassigned
A14H,419-25,COH SR Full Day
A0SX,661-18,ACF HeadStart PA22
A1IK,363RIT-26,Ritter
A1LV,419-17,Coh Sr Full Day
A05R,544-22,Oec Infanty Daycare
A0SZ,UNA,Unassigned
A06Q,669-18,CRT Local Unrestricted
A1BE,UNA,Unassigned
A1XS,659-17,salaries 2017
A1FM,UNA,Unassigned
A1UU,419-20,Coh Sr Full Day
A0LK,661-18,ACF HeadStart PA22
A1VJ,659-18,salaries 2017
A00S,UNA,Unassigned
A1S7,UNA,Unassigned
A15U,UNA,Unassigned
A1LW,321-23,Htfd Health Community Responders
A1X1,605HD-21,Home Delivered
A1P0,363JOB-26,Job Corps
A1WI,699,Crt Local Unrestricted
A1ZL,524-22,Dss Ceap Admin
A15Q,564C-23,ENP Midstate Region Congregate
A05S,UNA,Unassigned
A0TA,UNA,Unassigned
A0P0,UNA,Unassigned
A0HQ,650-23,Retreat
A0C2,419-17,Coh Sr Full Day
A0O5,UNA,Unassigned
A0NZ,338-24,DHMAS Fatherhood Initiative Program
A13H,699,Crt Local Unrestricted
A0HC,419-17,Coh Sr Full Day
A0Z7,UNA,Unassigned
A1P5,699,Crt Local Unrestricted
A0KD,524-22,Dss Ceap Admin
A1R4,611-17,Dss His
A0U4,359-25,OEC Registered Apprenticeship
A0PN,UNA,Unassigned
A0H6,UNA,Unassigned
A0N9,UNA,Unassigned
A1RZ,UNA,Unassigned
A0CR,UNA,Unassigned
A1B7,524-22,Dss Ceap Admin
A0IX,UNA,Unassigned
A0QG,546-23,DSS Assurance 16
A1XJ,UNA,Unassigned
A0BJ,564HD-23,ENP Midstate Region Home Delivered
A04M,UNA,Unassigned
A0UQ,609-20,CSBG
A1TA,339-26,HUD Permanent Supportive Housing
A0II,669-18,CRT Local Unrestricted
A0H4,UNA,Unassigned
A1OS,UNA,Unassigned
A1J4,UNA,Unassigned
A1KQ,609-18,Dss Csbg
A1SA,524-17,Dss Ceap Admin
A1C9,412-17,Summer Youth
A1DI,UNA,Unassigned
A0CW,659-18,salaries 2017
A104,564-17,Enp Midstate Region
A1PN,415-19,Oec Headstart Enhancement
A0GK,605-17,Elderly Nutrition
A09G,650-22,Retreat
A1NS,613-26,DSS Limited English
A1B0,UNA,Unassigned
A0N6,638-22,Behavioral Health Services
A1AI,UNA,Unassigned
A16J,605C-21,Congregate
A1SZ,534-20,Doh Hopwa Mckinney
A0HB,699,Crt Local Unrestricted
A0C4,UNA,Unassigned
A1P6,UNA,Unassigned
A0J0,UNA,Unassigned
A1LS,699,Crt Local Unrestricted
A0CT,UNA,Unassigned
A0ZQ,669-18,CRT Local Unrestricted
A1XU,UNA,Unassigned
A16G,564C-20,Congregate
A00I,337CC-24,Project Longevity Care Coordination
A11M,524-24,DSS CEAP Admin
A0IU,419-19,Coh Sr Full Day
A1U2,699,Crt Local Unrestricted
A1X8,544-19,Oec Infanty Daycare
A0QY,599-25,SAMSHA 2.0
A1ZU,669-17,CRT Local Unrestricted
A1MX,UNA,Unassigned
A1OG,524-25,DSS CEAP Admin
A0QO,661-17,ACF HeadStart PA22
A1P2,699,Crt Local Unrestricted
A01M,UNA,Unassigned
A0DF,UNA,Unassigned
A03H,UNA,Unassigned
A1QI,UNA,Unassigned
A1SR,UNA,Unassigned
A0SQ,382-20,CRT PSH Consolidated
A1LR,UNA,Unassigned
A060,546-19,Dss Assurance 16
A1KA,661-18,ACF HeadStart PA22
A1K7,UNA,Unassigned
A0V6,699,Crt Local Unrestricted
A1L3,524EI-22,Ceap Early Intake
A0KA,524EI-25,DSS CEAP Early Intake
A0U6,419-19,Coh Sr Full Day
A18T,UNA,Unassigned
A1CQ,330-23,OEC Workforce Pipeline
A0UJ,UNA,Unassigned
A1Q0,699,Crt Local Unrestricted
A1GN,UNA,Unassigned
A1OQ,638-21,Behavioral Health Services
A1ZY,661-18,ACF HeadStart PA22
A1NU,UNA,Unassigned
A03Q,605HD-22,Home Delivered
A05I,605C-20,Congregate
A02B,UNA,Unassigned
A18S,UNA,Unassigned
A0UK,UNA,Unassigned
A1M8,650-19,Retreat
A0OK,524-18,Dss Ceap Admin
A0AS,603-24,Hes IE
A1YB,UNA,Unassigned
A0IV,363JOB-26,Job Corps
A18W,UNA,Unassigned
A0UN,419-18,Coh Sr Full Day
A1UX,363RIT-26,Ritter
A0O9,524-21,Dss Ceap Admin
A20O,524EI-25,DSS CEAP Early Intake
A1KL,699,Crt Local Unrestricted
A0HN,669-18,CRT Local Unrestricted
A0QM,650-21,Retreat
A0FD,419-22,Coh Sr Full Day
A0ZC,609-18,Dss Csbg
A0YH,419-22,Coh Sr Full Day
A17E,524-18,Dss Ceap Admin
A0AB,UNA,Unassigned
A16Q,UNA,Unassigned
A0TY,567CO-21,VA SSVF COVID-19
A1QH,524-22,Dss Ceap Admin
A1IO,650-18,Retreat
A1KE,650-22,Retreat
A10L,650-22,Retreat
A11E,611-17,Dss His
A06K,UNA,Unassigned
A0OM,UNA,Unassigned
A1SD,605C-19,Congregate
A1PV,UNA,Unassigned
A155,419-25,COH SR Full Day
A13T,UNA,Unassigned
A09I,669-18,CRT Local Unrestricted
A1TK,544-22,Oec Infanty Daycare
A19H,605-18,Elderly Nutrition
A145,694-17,Third Party Catering
A1V8,419-25,COH SR Full Day
A1VR,544-25,OEC Infant Daycare
A03C,544-22,Oec Infanty Daycare
A1XR,669-18,CRT Local Unrestricted
A1AF,605C-20,Congregate
A1ZS,UNA,Unassigned
A0UZ,501-17,Usdol-youthbuild 26185
A10N,524-24,DSS CEAP Admin
A09U,363RIT-26,Ritter
A1LD,524-23,DSS CEAP Admin
A0JI,UNA,Unassigned
A0LY,659-18,salaries 2017
A1UW,718-21,Ritter Learning Hub
A1WF,UNA,Unassigned
A0DB,UNA,Unassigned
A1TJ,638-19,Behavioral Health Services
A0Q9,609-18,Dss Csbg
A0FI,UNA,Unassigned
A1MJ,650-17,Retreat
A1M5,UNA,Unassigned
A1GL,UNA,Unassigned
A1FL,609CO-21,CSBG CARES ACT
A0S7,332-24,Healthy Families
A1VG,661-18,ACF HeadStart PA22
A12D,650-25,Retreat
A1S5,544-20,Oec Infanty Daycare
A1PI,544-20,Oec Infanty Daycare
A11U,UNA,Unassigned
A05T,605C-24,Elderly Nutrition Congregate
A127,650-24,Retreat
A0LV,609-18,Dss Csbg
A0UP,UNA,Unassigned
A1BA,UNA,Unassigned
A0PV,650-19,Retreat
A1F6,609ACB-22,CSBG Agency Capacity Building
A09Q,419-23,Coh Sr Full Day
A0YR,UNA,Unassigned
A1I5,UNA,Unassigned
A1AZ,UNA,Unassigned
A106,638-25,Behavioral Health Services
A1CZ,363RIT-26,Ritter
A0VQ,UNA,Unassigned
A16X,UNA,Unassigned
A0NY,UNA,Unassigned
A20F,650-22,Retreat
A0PX,UNA,Unassigned
A0CI,650-22,Retreat
A0BZ,650-21,Retreat
A1IZ,UNA,Unassigned
A1PW,363JOB-26,Job Corps
A0ZA,650-25,Retreat
A1J8,650-25,Retreat
A1L0,659-17,salaries 2017
A039,605HD-24,Elderly Nutrition Home Delivered
A0T8,605C-24,Elderly Nutrition Congregate
A1F4,564HD-23,ENP Midstate Region Home Delivered
A1K3,661-18,ACF HeadStart PA22
A095,605HD-26,Elderly Nutrition Home Delivered
A1YS,363RIT-26,Ritter
A1M7,UNA,Unassigned
A065,650-23,Retreat
A1QE,650-20,Retreat
A1YT,363JOB-26,Job Corps
A1U0,UNA,Unassigned
A1IL,UNA,Unassigned
A1VQ,694-18,Third Party Catering
A165,699,Crt Local Unrestricted
A1BQ,524-23,DSS CEAP Admin
A0SA,699,Crt Local Unrestricted
A0FE,650-22,Retreat
A0SN,605HD-22,Home Delivered
A1GQ,689L,Local Unrestricted
A08N,524EI-23,CEAP Early Intake
A1H2,375EIS-19,Coh Ryan White Early Intervention
A1VH,UNA,Unassigned
A1W8,514-19,Cafcs Ssbg
A05O,524-24,DSS CEAP Admin
A0WI,699,Crt Local Unrestricted
A1TH,UNA,Unassigned
A1TW,544-21,Oec Infanty Daycare
A1PD,661-18,ACF HeadStart PA22
A06R,650-23,Retreat
A1Y1,544-24,OEC Infant Daycare
A108,699,Crt Local Unrestricted
A0V8,524-21,Dss Ceap Admin
A1F3,UNA,Unassigned
A1OR,UNA,Unassigned
A0PK,419-25,COH SR Full Day
A1KX,UNA,Unassigned
A1U1,546-24,DSS Assurance 16
A043,661-17,ACF HeadStart PA22
A1U7,363RIT-26,Ritter
A1UL,UNA,Unassigned
A20G,620-21,Program Salaries
A0Z6,UNA,Unassigned
A1V1,564-18,Enp Midstate Region
A0VB,UNA,Unassigned
A025,544-19,Oec Infanty Daycare
A0KZ,650-18,Retreat
A0KL,661-18,ACF HeadStart PA22
A148,650-17,Retreat
A1Y5,544-22,Oec Infanty Daycare
A1WQ,UNA,Unassigned
A08J,382-25,CRT PSH Consolidated
A1WO,699,Crt Local Unrestricted
A0I4,650-25,Retreat
A0Z5,661-17,ACF HeadStart PA22
A1LN,UNA,Unassigned
A1YZ,UNA,Unassigned
A0OG,605HD-24,Elderly Nutrition Home Delivered
A0YK,603-17,Hes-ie
A09H,524-19,Dss Ceap Admin
A0VK,659-17,salaries 2017
A14Y,638-24,Behavioral Health Services
A0HS,659-18,salaries 2017
A10C,609ACB-22,CSBG Agency Capacity Building
A0JD,412-18,Summer Youth
A141,321-25,Htfd Health Community Responders
A0GQ,417-19,Oec Headstart Services
A1NO,UNA,Unassigned
A1ID,605C-21,Congregate
A1G5,UNA,Unassigned
A0R7,UNA,Unassigned
A1ZJ,661-18,ACF HeadStart PA22
A07Q,661-17,ACF HeadStart PA22
A1DF,524-20,Dss Ceap Admin
A0LI,650-21,Retreat
A00B,363RIT-26,Ritter
A1CY,650-21,Retreat
A0BM,605HD-21,Home Delivered
A0RZ,UNA,Unassigned
A1J9,UNA,Unassigned
A0SD,693-22,Womens Empowerment
A114,524-23,DSS CEAP Admin
A0IR,699,Crt Local Unrestricted
A16I,UNA,Unassigned
A0N2,699,Crt Local Unrestricted
A034,UNA,Unassigned
A1NA,UNA,Unassigned
A1O4,321-24,Htfd Health Community Responders
A14T,419-19,Coh Sr Full Day
A0MR,UNA,Unassigned
A0UX,544-19,Oec Infanty Daycare
A1VP,699,Crt Local Unrestricted
A069,650-19,Retreat
A1UG,UNA,Unassigned
A19O,UNA,Unassigned
A1WU,669-18,CRT Local Unrestricted
A1T2,638-21,Behavioral Health Services
A08Q,375MH-19,Coh Ryan White Mental Health
A1XN,659-17,salaries 2017
A0JZ,375EIS-22,Coh Ryan White Early Intervention
A1I4,582ESS-26,East Hartford Shelter ESS
A17F,419-19,Coh Sr Full Day
A0Y6,UNA,Unassigned
A0OB,650-21,Retreat
A12Z,524-17,Dss Ceap Admin
A13Q,650-19,Retreat
A1M9,419-22,Coh Sr Full Day
A1V7,605C-26,Elderly Nutrition Congregate
A0XJ,335-25,DSS Community Health Worker Grant
A1FV,321-22,Htfd Health Community Responders
A1U9,661-18,ACF HeadStart PA22
A1XP,608-25,CNCS RSVP
A05X,UNA,Unassigned
A1UO,661-17,ACF HeadStart PA22
A0W5,UNA,Unassigned
A0IG,363JOB-26,Job Corps
A037,544-19,Oec Infanty Daycare
A1V5,650-18,Retreat
A1ZE,544-25,OEC Infant Daycare
A1YL,419-25,COH SR Full Day
A13J,UNA,Unassigned
A1UE,419-18,Coh Sr Full Day
A0RF,605-17,Elderly Nutrition
A0PS,UNA,Unassigned
A193,650-22,Retreat
A0UL,699,Crt Local Unrestricted
A0AV,546-19,Dss Assurance 16
A01Y,UNA,Unassigned
A14A,337CC-26,OPM Project Longevity Care
A01D,UNA,Unassigned
A0FP,605HD-20,Home Delivered
A0S3,UNA,Unassigned
A1FQ,699,Crt Local Unrestricted
A10Q,524-21,Dss Ceap Admin
A097,UNA,Unassigned
A1CU,UNA,Unassigned
A1PU,301-21,Deep Weatherization
A1YA,555-20,Dmhas Transitional Case Management
A0Y4,UNA,Unassigned
A030,609-17,Dss Csbg
A1MY,638-22,Behavioral Health Services
A1D2,UNA,Unassigned
A1CG,UNA,Unassigned
A0JF,UNA,Unassigned
A01W,UNA,Unassigned
A14I,609-19,CSBG
A01H,UNA,Unassigned
A0AE,598-25,SAMSHA HARP
A02J,321-23,Htfd Health Community Responders
A16Y,424VA-25,COH McKinney VA
A0I8,609-18,Dss Csbg
A10E,424-22,Coh Mckinney
A07I,638-18,Behavioral Health Services
A02S,UNA,Unassigned
A1N5,699,Crt Local Unrestricted
A1N0,UNA,Unassigned
A0TF,419-19,Coh Sr Full Day
A0VH,650-17,Retreat
A1P8,669-18,CRT Local Unrestricted
A0W2,301-22,Deep Weatherization
A0SE,605HD-21,Home Delivered
A1JU,699,Crt Local Unrestricted
A1W1,306-18,Program Salaries
A00F,650-19,Retreat
A0XZ,661-18,ACF HeadStart PA22
A16M,346-26,Journey Home - ARPA Diversion
A1BZ,661-18,ACF HeadStart PA22
A20H,650-25,Retreat
A1QM,699,Crt Local Unrestricted
A01E,UNA,Unassigned
A03F,699,Crt Local Unrestricted
A0IM,650-24,Retreat
A0FW,611F-22,Federal Portion
A0LE,UNA,Unassigned
A0NX,UNA,Unassigned
A1Z2,UNA,Unassigned
A0H1,650-25,Retreat
A0CZ,661-18,ACF HeadStart PA22
A1GV,661-18,ACF HeadStart PA22
A0NI,659-18,salaries 2017
A0NJ,605HD-24,Elderly Nutrition Home Delivered
A0D6,605-18,Elderly Nutrition
A0BI,UNA,Unassigned
A1WG,650-25,Retreat
A0VL,UNA,Unassigned
A1DK,561-17,Sde Summer Lunch
A0BT,611S-22,State Portion
A0YG,524-23,DSS CEAP Admin
A1KI,650-21,Retreat
A11O,699,Crt Local Unrestricted
A0IN,UNA,Unassigned
A1QQ,609ACB-21,CSBG Agency Capacity Building
A128,605C-23,Elderly Nutrition Congregate
A058,605HD-24,Elderly Nutrition Home Delivered
A04X,699,Crt Local Unrestricted
A0XU,375SA-18,Coh Ryan White Substance Abuse
A14M,524-25,DSS CEAP Admin
A06I,301-22,Deep Weatherization
A1XI,625-26,COH Ryan White Part B
A1DZ,669-18,CRT Local Unrestricted
A036,609-18,Dss Csbg
A0RV,419-18,Coh Sr Full Day
A1OT,UNA,Unassigned
A00Q,638-17,Behavioral Health Services
A1W9,UNA,Unassigned
A1AN,638-19,Behavioral Health Services
A17V,339-26,HUD Permanent Supportive Housing
A20I,424VA-26,COH McKinney VA
A18M,UNA,Unassigned
A0H3,524-17,Dss Ceap Admin
A0AO,567-20,Va Ssvf 
A0KJ,UNA,Unassigned
A0RO,524-19,Dss Ceap Admin
A1Z0,UNA,Unassigned
A17B,UNA,Unassigned
A1HT,UNA,Unassigned
A1BR,659-18,salaries 2017
A18D,661-17,ACF HeadStart PA22
A0UE,501-17,Usdol-youthbuild 26185
A0MD,650-24,Retreat
A1KH,UNA,Unassigned
A1NB,UNA,Unassigned
A01O,650-17,Retreat
A1TR,650-19,Retreat
A0GO,UNA,Unassigned
A0YN,514-26,CAFCA SSBG
A121,UNA,Unassigned
A1RN,661-17,ACF HeadStart PA22
A1R0,524-17,Dss Ceap Admin
A18F,419-18,Coh Sr Full Day
A0LX,544-22,Oec Infanty Daycare
A14K,419-18,Coh Sr Full Day
A05C,699,Crt Local Unrestricted
A1Z1,363RIT-26,Ritter
A1RK,363RIT-26,Ritter
A0G0,UNA,Unassigned
A1NV,UNA,Unassigned
A0TH,UNA,Unassigned
A0YL,UNA,Unassigned
A12M,699,Crt Local Unrestricted
A20J,306S-24,DOC State Funded
A0W9,UNA,Unassigned
A16R,605C-23,Elderly Nutrition Congregate
A12I,UNA,Unassigned
A0DI,UNA,Unassigned
A15J,524EI-22,Ceap Early Intake
A0NB,609-18,Dss Csbg
A0G6,605C-22,Congregate
A1BI,650-23,Retreat
A1OI,UNA,Unassigned
A12H,661-18,ACF HeadStart PA22
A0PH,514-18,Cafcs Ssbg
A09R,605HD-23,Elderly Nutrition Home Delivered
A0RE,605C-23,Elderly Nutrition Congregate
A013,UNA,Unassigned
A0N3,424-26,COH McKinney
A0KO,UNA,Unassigned
A1ZF,611-19,Dss His
A1YH,UNA,Unassigned
A13Y,699,Crt Local Unrestricted
A0NT,363DOU-26,Douglas
A20M,UNA,Unassigned
A0T5,608-25,CNCS RSVP
A20X,UNA,Unassigned
A0K4,UNA,Unassigned
A0LW,650-19,Retreat
A1W4,650-22,Retreat
A0RS,699,Crt Local Unrestricted
A1MR,661-18,ACF HeadStart PA22
A082,650-25,Retreat
A1JD,661-18,ACF HeadStart PA22
A1RE,UNA,Unassigned
A0N8,605C-21,Congregate
A1NT,561-17,Sde Summer Lunch
A0NO,UNA,Unassigned
A0TI,321-24,Htfd Health Community Responders
A02N,UNA,Unassigned
A00U,UNA,Unassigned
A0KI,661-17,ACF HeadStart PA22
A1Z5,699,Crt Local Unrestricted
A04G,564-17,Enp Midstate Region
A1Q9,UNA,Unassigned
A1QD,605-18,Elderly Nutrition
A1IJ,605HD-26,Elderly Nutrition Home Delivered
A0RN,UNA,Unassigned
A0NR,650-25,Retreat
A0L6,524EI-23,CEAP Early Intake
A1Y8,363DOU-26,Douglas
A1Y7,363DOU-26,Douglas
A0K2,363DOU-26,Douglas
A0ZE,661-18,ACF HeadStart PA22
A0NS,UNA,Unassigned
A0JW,699,Crt Local Unrestricted
A0RW,UNA,Unassigned
A1CF,661-18,ACF HeadStart PA22
A159,UNA,Unassigned
A09K,584-25,HUD Project Teach
A20N,UNA,Unassigned
A0V1,524-24,DSS CEAP Admin
A0SF,UNA,Unassigned
A10A,659-17,salaries 2017
A01Z,598-26,SAMSHA HARP
A1FZ,599-23,SAMSHA 2.0
A0AJ,524-24,DSS CEAP Admin
A10F,501-17,Usdol-youthbuild 26185
A07A,UNA,Unassigned
A08B,650-19,Retreat
A0AR,699,Crt Local Unrestricted
A176,605HD-24,Elderly Nutrition Home Delivered
A1LK,UNA,Unassigned
A0OI,650-18,Retreat
A084,UNA,Unassigned
A1QX,650-25,Retreat
A1JP,582-18,East Hartford Shelter
A0FQ,650-20,Retreat
A09T,524-21,Dss Ceap Admin
A09J,424-19,Coh Mckinney
A05D,669-18,CRT Local Unrestricted
A0N4,UNA,Unassigned
A0TC,611S-21,State Portion
A15I,524-22,Dss Ceap Admin
A09L,UNA,Unassigned
A08F,605HD-21,Home Delivered
A1I2,661-17,ACF HeadStart PA22
A1JF,611S-24,DSS HSI State
A02I,UNA,Unassigned
A20L,605HD-25,Elderly Nutrition Home Delivered
A1SW,605HD-20,Home Delivered
A1IB,609-18,Dss Csbg
A1A1,UNA,Unassigned
A0KG,699,Crt Local Unrestricted
A0QQ,524-22,Dss Ceap Admin
A1L4,699,Crt Local Unrestricted
A06E,524-26,DSS CEAP Admin
A1JL,638-21,Behavioral Health Services
A0UR,659-17,salaries 2017
A07C,524-25,DSS CEAP Admin
A06L,UNA,Unassigned
A0CH,419-20,Coh Sr Full Day
A0QH,UNA,Unassigned
A153,659-17,salaries 2017
A1AM,UNA,Unassigned
A06T,659-18,salaries 2017
A0HW,419-20,Coh Sr Full Day
A0M4,UNA,Unassigned
A01I,UNA,Unassigned
A1Y2,321-26,Htfd Health Community Responders
A1XK,346-24,Journey Home - ARPA Diversion
A19U,659-18,salaries 2017
A0VP,419-23,Coh Sr Full Day
A1MW,524-25,DSS CEAP Admin
A1A3,UNA,Unassigned
A1D7,661-17,ACF HeadStart PA22
A02R,699,Crt Local Unrestricted
A1XA,625-23,Ryan White Part B
A0F3,524-21,Dss Ceap Admin
A0OC,661-17,ACF HeadStart PA22
A1WD,UNA,Unassigned
A1K4,609OTH-25,DSS CSBG Other
A172,UNA,Unassigned
A105,564-18,Enp Midstate Region
A1L1,600-19,Samsha Grant
A1UD,419-18,Coh Sr Full Day
A1G4,564C-23,ENP Midstate Region Congregate
A1T7,638-18,Behavioral Health Services
A16H,UNA,Unassigned
A1MC,718-21,Ritter Learning Hub
A0G7,561-18,Sde Summer Lunch
A1DA,669-18,CRT Local Unrestricted
A0WC,650-21,Retreat
A14P,661-18,ACF HeadStart PA22
A1TZ,442-18,Sde Cacfp Daycare Homes
A1LB,UNA,Unassigned
A02Z,UNA,Unassigned
A0LR,UNA,Unassigned
A0LT,UNA,Unassigned
A10G,650-25,Retreat
A157,UNA,Unassigned
A1SM,524-25,DSS CEAP Admin
A212,357-26,HHS Affordable Housing
A0XP,524-17,Dss Ceap Admin
A12N,650-22,Retreat
A0QL,605HD-20,Home Delivered
A1IT,381-19,Hud Ct Bos Consolidated
A19W,UNA,Unassigned
A0MN,661-18,ACF HeadStart PA22
A1N6,417-18,Oec Headstart Services
A11J,609-19,CSBG
A07L,580-21,Youth Navigator
A0H9,546-26,DSS Assurance 16
A0GG,295GF,Grant Families
A026,UNA,Unassigned
A055,UNA,Unassigned
A04Q,UNA,Unassigned
A0FK,582ESS-26,East Hartford Shelter ESS
A1SK,UNA,Unassigned
A1M6,609ACB-22,CSBG Agency Capacity Building
A1WP,419-22,Coh Sr Full Day
A0YD,605HD-21,Home Delivered
A0ZW,699,Crt Local Unrestricted
A0JX,514-25,CAFCA SSBG
A0WJ,UNA,Unassigned
A0ZV,693-21,Womens Empowerment
A038,699,Crt Local Unrestricted
A1TM,UNA,Unassigned
A137,605-18,Elderly Nutrition
A1OU,363RIT-26,Ritter
A1FI,UNA,Unassigned
A1UF,UNA,Unassigned
A0FY,UNA,Unassigned
A0PQ,524-21,Dss Ceap Admin
A1WR,419-25,COH SR Full Day
A0YJ,699,Crt Local Unrestricted
A1HL,UNA,Unassigned
A04P,605-17,Elderly Nutrition
A0R4,363RIT-26,Ritter
A1ZA,659-17,salaries 2017
A1WH,UNA,Unassigned
A1L9,UNA,Unassigned
A029,699,Crt Local Unrestricted
A0F5,650-18,Retreat
A1YI,301-25,DEEP Weatherization
A0KU,661-18,ACF HeadStart PA22
A04U,UNA,Unassigned
A0NH,UNA,Unassigned
A06C,661-18,ACF HeadStart PA22
A17T,661-17,ACF HeadStart PA22
A0T9,381-19,Hud Ct Bos Consolidated
A001,661-18,ACF HeadStart PA22
A1CP,567COE-21,VA SSVF CO- Extended
A09F,419-17,Coh Sr Full Day
A1KZ,524-26,DSS CEAP Admin
A1O5,699,Crt Local Unrestricted
A0IL,546-25,DSS Assurance 16
A1B6,424-22,Coh Mckinney
A05K,546-17,Dss Assurance 16
A1GI,UNA,Unassigned
A0RY,424-19,Coh Mckinney
A0GJ,650-22,Retreat
A083,UNA,Unassigned
A0U8,UNA,Unassigned
A0OD,524-23,DSS CEAP Admin
A0TS,567-18,Va Ssvf 
A0Y5,524-21,Dss Ceap Admin
A0VF,UNA,Unassigned
A0MH,524-23,DSS CEAP Admin
A1QT,699,Crt Local Unrestricted
A061,UNA,Unassigned
A0OJ,699,Crt Local Unrestricted
A0SK,UNA,Unassigned
A1MV,UNA,Unassigned
A1B9,412-23,Summer Youth
A0TE,UNA,Unassigned
A1NL,582ESG-26,East Hartford Shelter ESG
A1DV,546-21,Dss Assurance 16
A1DO,524-17,Dss Ceap Admin
A0K3,UNA,Unassigned
A0VY,524-26,DSS CEAP Admin
A0TZ,UNA,Unassigned
A0FZ,UNA,Unassigned
A0V4,659-18,salaries 2017
A0F0,582-18,East Hartford Shelter
A08C,419-20,Coh Sr Full Day
A13B,555-22,Dmhas Transitional Case Management
A07P,UNA,Unassigned
A056,524-21,Dss Ceap Admin
A18B,UNA,Unassigned
A12A,UNA,Unassigned
A08H,335-24,DSS Community Health Worker Grant
A0SY,375SA-24,COH Ryan White Substance Abuse
A0QT,605HD-23,Elderly Nutrition Home Delivered
A0J8,424-17,Coh Mckinney
A0T3,605C-23,Elderly Nutrition Congregate
A08K,650-20,Retreat
A0PU,321-22,Htfd Health Community Responders
A13W,440-24,SDE CACFP ECE
A18K,524-18,Dss Ceap Admin
A1DX,564C-23,ENP Midstate Region Congregate
A1PQ,332-25,Healthy Families
A1K9,UNA,Unassigned
A1ZR,669-18,CRT Local Unrestricted
A17X,UNA,Unassigned
A0VW,611F-23,DSS HSI Federal
A0H5,UNA,Unassigned
A0YV,650-18,Retreat
A02O,609-18,Dss Csbg
A1MI,605-18,Elderly Nutrition
A00P,650-25,Retreat
A1NR,UNA,Unassigned
A16L,699,Crt Local Unrestricted
A0UY,718-21,Ritter Learning Hub
A1HG,UNA,Unassigned
A1O6,512-23,UniteCT
A1DR,650-17,Retreat
A04K,699,Crt Local Unrestricted
A0KR,332-23,Healthy Families
A17J,UNA,Unassigned
A0IA,564C-23,ENP Midstate Region Congregate
A00Z,669-17,CRT Local Unrestricted
A16U,611S-26,DSS HSI State
A12L,605C-21,Congregate
A0RU,306-18,Program Salaries
A0U7,584-17,Hud Project Teach
A072,UNA,Unassigned
A059,605HD-25,Elderly Nutrition Home Delivered
A1B4,605-17,Elderly Nutrition
A1W3,424-22,Coh Mckinney
A0TP,UNA,Unassigned
A13P,546-17,Dss Assurance 16
A0T0,424-26,COH McKinney
A06S,UNA,Unassigned
A04Z,605C-20,Congregate
A0XX,UNA,Unassigned
A14C,544-21,Oec Infanty Daycare
A1OM,UNA,Unassigned
A1YO,UNA,Unassigned
A0S8,UNA,Unassigned
A05G,544-19,Oec Infanty Daycare
A08R,650-23,Retreat
A0DQ,424-26,COH McKinney
A07D,UNA,Unassigned
A1PZ,661-18,ACF HeadStart PA22
A08P,UNA,Unassigned
A0ME,650-19,Retreat
A0R5,332-25,Healthy Families
A1QA,UNA,Unassigned
A01B,UNA,Unassigned
A13O,659-17,salaries 2017
A183,UNA,Unassigned
A02Y,UNA,Unassigned
A0U5,605C-24,Elderly Nutrition Congregate
A0HA,524-24,DSS CEAP Admin
A0FH,605C-26,Elderly Nutrition Congregate
A0R9,605HD-21,Home Delivered
A0LA,555-20,Dmhas Transitional Case Management
A050,UNA,Unassigned
A1F7,UNA,Unassigned
A1GD,UNA,Unassigned
A17Y,524-21,Dss Ceap Admin
A1NG,412-25,Summer Youth
A0CK,363JOB-26,Job Corps
A1ZG,419-22,Coh Sr Full Day
A1VW,UNA,Unassigned
A1ZT,608-17,Cncs Rvsp
A1R9,419-19,Coh Sr Full Day
A0GH,UNA,Unassigned
A1AR,UNA,Unassigned
A09C,650-18,Retreat
A1O2,440-19,Sde Cacfp Headstart
A1AU,605HD-19,Home Delivered
A169,UNA,Unassigned
A1BT,611S-21,State Portion
A0QW,605HD-23,Elderly Nutrition Home Delivered
A04O,561-18,Sde Summer Lunch
A0GZ,382-21,CRT PSH Consolidated
A054,321-23,Htfd Health Community Responders
A15D,661-18,ACF HeadStart PA22
A1R3,650-23,Retreat
A0O3,UNA,Unassigned
A1PS,609CO-22,CSBG CARES ACT
A1LL,699,Crt Local Unrestricted
A11D,301-22,Deep Weatherization
A125,605HD-23,Elderly Nutrition Home Delivered
A1OY,609-18,Dss Csbg
A1IF,661-18,ACF HeadStart PA22
A0BU,669-18,CRT Local Unrestricted
A0YP,650-19,Retreat
A117,424-21,Coh Mckinney
A0J9,582ESG-24,Emergency Services Grant
A0UI,564-17,Enp Midstate Region
A0MQ,609ACB-22,CSBG Agency Capacity Building
A1PP,UNA,Unassigned
A1KC,661-18,ACF HeadStart PA22
A1CM,357-26,HHS Affordable Housing
A1KS,605C-24,Elderly Nutrition Congregate
A19Z,609-18,Dss Csbg
A151,UNA,Unassigned
A0A4,661-18,ACF HeadStart PA22
A03P,699,Crt Local Unrestricted
A1W2,605HD-25,Elderly Nutrition Home Delivered
A0FR,UNA,Unassigned
A1C3,699,Crt Local Unrestricted
A0HZ,605C-25,Elderly Nutrition Congregate
A13L,661-18,ACF HeadStart PA22
A090,UNA,Unassigned
A1YW,UNA,Unassigned
